{
"type": "FeatureCollection",
"name": "tacoma_parks",
"crs": { "type": "name", "properties": { "name": "urn:ogc:def:crs:OGC:1.3:CRS84" } },
"features": [
{ "type": "Feature", "properties": { "name": "Judge Jack Tanner Park" }, "geometry": { "type": "Polygon", "coordinates": [ [ [ -122.4864793, 47.2856959 ], [ -122.4863407, 47.2855952 ], [ -122.4860923, 47.2855552 ], [ -122.4859796, 47.2855152 ], [ -122.485852300000019, 47.2854202 ], [ -122.4854418, 47.2851587 ], [ -122.4853217, 47.2850734 ], [ -122.485255, 47.2850113 ], [ -122.4852188, 47.2849617 ], [ -122.4852103, 47.2848985 ], [ -122.485191900000018, 47.2848294 ], [ -122.485151700000017, 47.284766299999987 ], [ -122.485016400000021, 47.2846748 ], [ -122.484814, 47.284539600000016 ], [ -122.4847928, 47.284506 ], [ -122.4846157, 47.2844014 ], [ -122.4844821, 47.2843272 ], [ -122.4843022, 47.2842008 ], [ -122.4842703, 47.2841624 ], [ -122.48419509999998, 47.2841431 ], [ -122.484139299999981, 47.2840819 ], [ -122.4840844, 47.2840687 ], [ -122.484056099999989, 47.284126299999983 ], [ -122.4840047, 47.284144399999988 ], [ -122.4839516, 47.2841324 ], [ -122.483841899999987, 47.2840702 ], [ -122.4836818, 47.283982 ], [ -122.483492900000016, 47.2838896 ], [ -122.483293799999984, 47.283795 ], [ -122.4830249, 47.28365320000001 ], [ -122.4825662, 47.2834159 ], [ -122.482051, 47.2831255 ], [ -122.4819729, 47.2830895 ], [ -122.4819128, 47.2830628 ], [ -122.4818655, 47.2830253 ], [ -122.4818299, 47.282994300000013 ], [ -122.481774700000017, 47.2829561 ], [ -122.4817373, 47.28289980000001 ], [ -122.4818813, 47.2827263 ], [ -122.4836577, 47.2836016 ], [ -122.483942, 47.2837636 ], [ -122.4842201, 47.2839234 ], [ -122.486767700000016, 47.2855076 ], [ -122.4864793, 47.2856959 ] ] ] } },
{ "type": "Feature", "properties": { "name": "Cummings Park" }, "geometry": { "type": "Polygon", "coordinates": [ [ [ -122.4888155, 47.2875572 ], [ -122.4887, 47.2875793 ], [ -122.4886157, 47.2875908 ], [ -122.4885264, 47.287615 ], [ -122.4884374, 47.2876368 ], [ -122.4883385, 47.2876653 ], [ -122.4882422, 47.2876683 ], [ -122.4881713, 47.2876591 ], [ -122.4881129, 47.2876334 ], [ -122.4880619, 47.287607 ], [ -122.4880234, 47.2875674 ], [ -122.4880088, 47.287530399999987 ], [ -122.48801330000002, 47.2874961 ], [ -122.488032300000015, 47.2874443 ], [ -122.488069, 47.2873861 ], [ -122.488077099999984, 47.28736 ], [ -122.48803820000002, 47.2873333 ], [ -122.48791, 47.287245499999983 ], [ -122.487826500000011, 47.2871616 ], [ -122.487796700000018, 47.287091 ], [ -122.4876214, 47.2869905 ], [ -122.4874969, 47.28690180000001 ], [ -122.4874728, 47.2868718 ], [ -122.487432899999988, 47.2868008 ], [ -122.4873711, 47.2867651 ], [ -122.4873361, 47.2867139 ], [ -122.48737730000002, 47.2866489 ], [ -122.48738130000001, 47.286549 ], [ -122.48737490000002, 47.2864682 ], [ -122.487371399999986, 47.286424 ], [ -122.487339599999984, 47.2863588 ], [ -122.4872245, 47.2862508 ], [ -122.487025100000011, 47.2861153 ], [ -122.486955899999984, 47.2860685 ], [ -122.4868429, 47.2859926 ], [ -122.4867459, 47.2859306 ], [ -122.486679, 47.2859206 ], [ -122.4865894, 47.285865 ], [ -122.4865695, 47.285823 ], [ -122.4866035, 47.2857758 ], [ -122.4864793, 47.2856959 ], [ -122.486767700000016, 47.2855076 ], [ -122.4893163, 47.2871572 ], [ -122.4888155, 47.2875572 ] ] ] } },
{ "type": "Feature", "properties": { "name": "Dash Point State Park" }, "geometry": { "type": "Polygon", "coordinates": [ [ [ -122.4143927, 47.315658700000014 ], [ -122.414412, 47.3177918 ], [ -122.4144162, 47.3180262 ], [ -122.4148456, 47.3181071 ], [ -122.4153847, 47.3181588 ], [ -122.4160395, 47.3181745 ], [ -122.416128499999985, 47.3182687 ], [ -122.41612760000001, 47.318443799999983 ], [ -122.4162669, 47.3186244 ], [ -122.41548250000001, 47.3186281 ], [ -122.4156602, 47.3187502 ], [ -122.415637600000011, 47.3192377 ], [ -122.415093699999986, 47.3192377 ], [ -122.4158191, 47.3202162 ], [ -122.4158367, 47.3202399 ], [ -122.4162864, 47.3202898 ], [ -122.4167038, 47.3202494 ], [ -122.4184498, 47.3217403 ], [ -122.4171045, 47.3226781 ], [ -122.41610270000001, 47.3228074 ], [ -122.413388699999985, 47.322876 ], [ -122.4130591, 47.3228657 ], [ -122.4123188, 47.3227002 ], [ -122.411858, 47.3226499 ], [ -122.4103005, 47.3225266 ], [ -122.407805, 47.3224168 ], [ -122.4051097, 47.3226873 ], [ -122.403879900000021, 47.3229941 ], [ -122.4036084, 47.3221518 ], [ -122.403607, 47.3219703 ], [ -122.4036037, 47.3215217 ], [ -122.403593799999982, 47.3202069 ], [ -122.4033544, 47.3202144 ], [ -122.403345099999981, 47.319177 ], [ -122.403314499999979, 47.3190712 ], [ -122.4033602, 47.31778520000001 ], [ -122.4033679, 47.3153451 ], [ -122.4001889, 47.3153203 ], [ -122.3941412, 47.3152732 ], [ -122.392903299999986, 47.3152636 ], [ -122.3929078, 47.3148388 ], [ -122.3929263, 47.313075199999986 ], [ -122.3928764, 47.3127682 ], [ -122.39274970000001, 47.3124773 ], [ -122.3923596, 47.3120914 ], [ -122.391838799999988, 47.3116669 ], [ -122.3918834, 47.3115978 ], [ -122.3927393, 47.3115819 ], [ -122.3949538, 47.3115896 ], [ -122.3980191, 47.3116003 ], [ -122.400522600000016, 47.3116843 ], [ -122.4034589, 47.3117828 ], [ -122.403467100000015, 47.3103402 ], [ -122.398085, 47.3066144 ], [ -122.39808, 47.3047192 ], [ -122.4068471, 47.3047843 ], [ -122.4068526, 47.3060092 ], [ -122.408948800000019, 47.3060128 ], [ -122.4089556, 47.3070955 ], [ -122.40896050000002, 47.3078559 ], [ -122.4089877, 47.3121286 ], [ -122.409665600000011, 47.3121257 ], [ -122.4143608, 47.312105800000012 ], [ -122.4143659, 47.3126691 ], [ -122.4143927, 47.315658700000014 ] ] ] } },
{ "type": "Feature", "properties": { "name": "Point Defiance Park" }, "geometry": { "type": "Polygon", "coordinates": [ [ [ -122.5474499, 47.3179556 ], [ -122.54691960000001, 47.3181426 ], [ -122.546490500000019, 47.3182299 ], [ -122.5460283, 47.3183949 ], [ -122.5453747, 47.3185499 ], [ -122.544902599999986, 47.3187244 ], [ -122.5443018, 47.3188699 ], [ -122.543814700000013, 47.318937 ], [ -122.5428932, 47.3189772 ], [ -122.5419844, 47.31898 ], [ -122.541558200000011, 47.3189621 ], [ -122.541209899999984, 47.3189203 ], [ -122.5407099, 47.318843599999987 ], [ -122.540267700000015, 47.3187244 ], [ -122.539668600000013, 47.3186001 ], [ -122.53898030000002, 47.318462600000011 ], [ -122.538374600000012, 47.3183065 ], [ -122.537542, 47.3181255 ], [ -122.5367963, 47.3180055 ], [ -122.5363484, 47.3179273 ], [ -122.535828, 47.3178219 ], [ -122.535339900000011, 47.3177109 ], [ -122.534902700000018, 47.3176128 ], [ -122.5346398, 47.31752 ], [ -122.53445210000001, 47.3174455 ], [ -122.5341597, 47.3173509 ], [ -122.5337949, 47.3171491 ], [ -122.53333090000001, 47.31690360000001 ], [ -122.5330359, 47.316727199999988 ], [ -122.532765, 47.3165345 ], [ -122.5322446, 47.3161726 ], [ -122.531912, 47.31593980000001 ], [ -122.5317457, 47.3158071 ], [ -122.5315338, 47.3156562 ], [ -122.5313112, 47.3154961 ], [ -122.531104700000014, 47.3153616 ], [ -122.530882100000014, 47.3151979 ], [ -122.530485100000021, 47.3149088 ], [ -122.5301337, 47.3146451 ], [ -122.529801100000014, 47.3143887 ], [ -122.5294176, 47.3141287 ], [ -122.5290474, 47.3138468 ], [ -122.5286236, 47.3135086 ], [ -122.528191799999988, 47.3131739 ], [ -122.5278968, 47.312963 ], [ -122.527557500000015, 47.3127257 ], [ -122.5271793, 47.3124529 ], [ -122.5268628, 47.3122147 ], [ -122.5264041, 47.311916399999987 ], [ -122.5261868, 47.3117528 ], [ -122.5260125, 47.311643599999989 ], [ -122.5257952, 47.3114927 ], [ -122.525358, 47.311209 ], [ -122.5249933, 47.310958 ], [ -122.5246178, 47.3107344 ], [ -122.5242154, 47.31047250000001 ], [ -122.523617300000012, 47.3101179 ], [ -122.523070100000012, 47.3097796 ], [ -122.5225605, 47.3095232 ], [ -122.522313700000012, 47.309394 ], [ -122.5221179, 47.3092576 ], [ -122.521876500000019, 47.3090958 ], [ -122.521412499999983, 47.3088139 ], [ -122.5209404, 47.3085429 ], [ -122.5205032, 47.3082737 ], [ -122.520039200000014, 47.3079864 ], [ -122.519602, 47.30773 ], [ -122.5190012, 47.3074553 ], [ -122.5181959, 47.3071496 ], [ -122.5176983, 47.3071798 ], [ -122.5174475, 47.3070297 ], [ -122.5168427, 47.3067033 ], [ -122.5165933, 47.3066278 ], [ -122.5164498, 47.3066224 ], [ -122.516363900000016, 47.3066487 ], [ -122.5163291, 47.3066915 ], [ -122.516200600000019, 47.3067413 ], [ -122.515882100000013, 47.3066123 ], [ -122.5158482, 47.3066507 ], [ -122.51578640000001, 47.3066257 ], [ -122.515820299999987, 47.306587199999989 ], [ -122.51552, 47.306459 ], [ -122.515310500000012, 47.3063642 ], [ -122.5152735, 47.3064017 ], [ -122.5152152, 47.3063742 ], [ -122.5152468, 47.3063354 ], [ -122.5146623, 47.306049899999984 ], [ -122.5146227, 47.3060856 ], [ -122.514562899999987, 47.306055 ], [ -122.5146025, 47.3060194 ], [ -122.514428, 47.3059303 ], [ -122.514290800000012, 47.3058658 ], [ -122.514264399999988, 47.3058534 ], [ -122.5142015, 47.3058159 ], [ -122.5140806, 47.3057528 ], [ -122.5135381, 47.3054956 ], [ -122.5134047, 47.3054324 ], [ -122.5132777, 47.3053721 ], [ -122.5131721, 47.3053221 ], [ -122.5131298, 47.305302 ], [ -122.513292800000016, 47.305123199999983 ], [ -122.513253600000013, 47.3049391 ], [ -122.511883600000019, 47.3040201 ], [ -122.511927199999988, 47.3039909 ], [ -122.511082300000012, 47.3033907 ], [ -122.5106585, 47.303056 ], [ -122.50983770000002, 47.3023048 ], [ -122.5097921, 47.302323 ], [ -122.5096795, 47.3022066 ], [ -122.5095722, 47.3022575 ], [ -122.50952, 47.3022182 ], [ -122.5092355, 47.302342 ], [ -122.5091596, 47.3023544 ], [ -122.509070600000015, 47.3023357 ], [ -122.508837299999982, 47.302232 ], [ -122.5087407, 47.3022066 ], [ -122.5086388, 47.3022203 ], [ -122.507563200000021, 47.3026595 ], [ -122.507547100000011, 47.3026678 ], [ -122.507532600000019, 47.3026773 ], [ -122.507519800000011, 47.302687899999988 ], [ -122.507509, 47.3026995 ], [ -122.5075003, 47.3027119 ], [ -122.5074938, 47.3027249 ], [ -122.5074895, 47.3027383 ], [ -122.507487700000013, 47.3027519 ], [ -122.5074883, 47.3027656 ], [ -122.507491200000018, 47.3027792 ], [ -122.5074965, 47.3027924 ], [ -122.507504, 47.3028052 ], [ -122.507513700000018, 47.3028172 ], [ -122.507525500000014, 47.3028283 ], [ -122.5075391, 47.3028385 ], [ -122.5087743, 47.3038023 ], [ -122.5111681, 47.3058279 ], [ -122.5111964, 47.3058492 ], [ -122.511227800000015, 47.3058685 ], [ -122.5112619, 47.3058854 ], [ -122.5112985, 47.3058998 ], [ -122.5113371, 47.3059116 ], [ -122.5113773, 47.305920599999986 ], [ -122.511736699999986, 47.305953299999985 ], [ -122.5119594, 47.3059697 ], [ -122.512123, 47.305997 ], [ -122.5122464, 47.3060261 ], [ -122.5123617, 47.3060697 ], [ -122.512506500000015, 47.3061552 ], [ -122.512716200000014, 47.306295 ], [ -122.512871300000015, 47.306388 ], [ -122.513000099999985, 47.3065044 ], [ -122.5130966, 47.3066172 ], [ -122.51313420000001, 47.3067627 ], [ -122.5131395, 47.3069009 ], [ -122.51313420000001, 47.3070028 ], [ -122.5130966, 47.3071119 ], [ -122.5130054, 47.3071883 ], [ -122.5128988, 47.3072451 ], [ -122.512751399999985, 47.3073093 ], [ -122.5126048, 47.3073356 ], [ -122.5124455, 47.3073352 ], [ -122.5120845, 47.3072618 ], [ -122.511870800000011, 47.307286899999987 ], [ -122.5115316, 47.3072923 ], [ -122.5106363, 47.3072 ], [ -122.5103116, 47.3071261 ], [ -122.50995060000001, 47.3070545 ], [ -122.509449299999986, 47.306936499999985 ], [ -122.508978200000016, 47.3067799 ], [ -122.5085692, 47.3065907 ], [ -122.508254900000011, 47.306342099999988 ], [ -122.5079687, 47.3059659 ], [ -122.5077002, 47.3054121 ], [ -122.50752660000002, 47.3048403 ], [ -122.5073636, 47.3040096 ], [ -122.5072881, 47.3036456 ], [ -122.5071778, 47.3033766 ], [ -122.5070286, 47.30315 ], [ -122.5070536, 47.3030063 ], [ -122.5070938, 47.3029026 ], [ -122.5070213, 47.3028004 ], [ -122.5070557, 47.3027875 ], [ -122.50713690000002, 47.3027573 ], [ -122.507184600000016, 47.3027101 ], [ -122.507362, 47.3026309 ], [ -122.5093693, 47.3017576 ], [ -122.5094076, 47.3017581 ], [ -122.5149699, 47.301808 ], [ -122.515585900000019, 47.3018129 ], [ -122.5209457, 47.3017877 ], [ -122.52612120000002, 47.3017945 ], [ -122.5261563, 47.3017846 ], [ -122.526228700000019, 47.3017446 ], [ -122.5262507, 47.301611 ], [ -122.532492, 47.301673 ], [ -122.5341738, 47.301597199999989 ], [ -122.5343049, 47.3017955 ], [ -122.534417500000018, 47.3018137 ], [ -122.5345141, 47.3018537 ], [ -122.534594, 47.301901 ], [ -122.53461, 47.3019701 ], [ -122.534616, 47.3020283 ], [ -122.5346556, 47.3021949 ], [ -122.535318, 47.3028905 ], [ -122.535367, 47.302956 ], [ -122.5354099, 47.3030542 ], [ -122.535447500000018, 47.3031233 ], [ -122.5353763, 47.3032371 ], [ -122.535646200000016, 47.303565 ], [ -122.536028799999983, 47.3040554 ], [ -122.536369900000011, 47.3045899 ], [ -122.5365581, 47.3049091 ], [ -122.536652700000019, 47.305119500000011 ], [ -122.536906, 47.3054731 ], [ -122.537102800000014, 47.3056882 ], [ -122.5372646, 47.3058928 ], [ -122.53765660000002, 47.3064855 ], [ -122.5378227, 47.3067318 ], [ -122.538064, 47.307031 ], [ -122.5382877, 47.3072825 ], [ -122.5384855, 47.3075154 ], [ -122.538748400000017, 47.3078006 ], [ -122.53897790000002, 47.3080902 ], [ -122.539209899999989, 47.3083363 ], [ -122.5395094, 47.3086309 ], [ -122.5398587, 47.3090035 ], [ -122.5401448, 47.309309 ], [ -122.5404312, 47.3096152 ], [ -122.5409256, 47.3100713 ], [ -122.5413752, 47.310474 ], [ -122.541718, 47.3107853 ], [ -122.542102400000019, 47.3111083 ], [ -122.542333499999984, 47.3112542 ], [ -122.5429368, 47.3114964 ], [ -122.543311599999981, 47.3117542 ], [ -122.5436864, 47.3120122 ], [ -122.5440614, 47.3122702 ], [ -122.5445102, 47.3126778 ], [ -122.5448928, 47.3129966 ], [ -122.545183600000016, 47.3133004 ], [ -122.545558600000021, 47.3136729 ], [ -122.5459313, 47.3140729 ], [ -122.546336600000018, 47.314475699999988 ], [ -122.5468798, 47.3151674 ], [ -122.547203199999984, 47.3154594 ], [ -122.5474714, 47.3156571 ], [ -122.547636600000018, 47.315751699999986 ], [ -122.5477081, 47.3158399 ], [ -122.5478003, 47.316105899999982 ], [ -122.547843900000018, 47.3162724 ], [ -122.547825, 47.316475 ], [ -122.5478423, 47.3165667 ], [ -122.547839, 47.3166454 ], [ -122.5478163, 47.316772499999985 ], [ -122.5477506, 47.3168686 ], [ -122.5476419, 47.3169562 ], [ -122.547529800000021, 47.3170207 ], [ -122.547474, 47.3170544 ], [ -122.5474338, 47.317099899999988 ], [ -122.54742330000002, 47.3171442 ], [ -122.54741970000002, 47.31718930000001 ], [ -122.5474346, 47.317298899999983 ], [ -122.5475223, 47.31742 ], [ -122.5476131, 47.3174934 ], [ -122.547668499999986, 47.3175944 ], [ -122.547668800000011, 47.317659799999987 ], [ -122.5476404, 47.3177338 ], [ -122.54757, 47.317845 ], [ -122.547524100000018, 47.3178991 ], [ -122.5474499, 47.3179556 ] ] ] } },
{ "type": "Feature", "properties": { "name": "Garfield Park" }, "geometry": { "type": "Polygon", "coordinates": [ [ [ -122.461779299999989, 47.2745468 ], [ -122.4616914, 47.274526799999983 ], [ -122.4614084, 47.2744499 ], [ -122.460652700000011, 47.2742334 ], [ -122.4598328, 47.2738204 ], [ -122.4595973, 47.2736803 ], [ -122.459595, 47.2736531 ], [ -122.4595874, 47.2736361 ], [ -122.459596, 47.2736092 ], [ -122.4596005, 47.273572 ], [ -122.459605, 47.2735281 ], [ -122.4595996, 47.2734808 ], [ -122.459469700000014, 47.273437800000011 ], [ -122.459404600000013, 47.2734194 ], [ -122.4592983, 47.2734295 ], [ -122.4592211, 47.2734351 ], [ -122.459162100000015, 47.2734355 ], [ -122.459114199999988, 47.2734264 ], [ -122.4588241, 47.2733036 ], [ -122.4585988, 47.2732299 ], [ -122.4584143, 47.2731776 ], [ -122.4583159, 47.27315320000001 ], [ -122.4582567, 47.273142 ], [ -122.4581476, 47.2731182 ], [ -122.4581085, 47.2727708 ], [ -122.457920900000019, 47.2727608 ], [ -122.4573156, 47.2717104 ], [ -122.457218, 47.2716177 ], [ -122.457211799999982, 47.2716124 ], [ -122.457248, 47.271518099999987 ], [ -122.4572422, 47.2714129 ], [ -122.457234200000016, 47.2712163 ], [ -122.457333800000015, 47.2709121 ], [ -122.4573415, 47.270785 ], [ -122.4573526, 47.2706118 ], [ -122.4570062, 47.2696421 ], [ -122.4567786, 47.268879199999986 ], [ -122.4568465, 47.268854 ], [ -122.4568349, 47.2686525 ], [ -122.456846, 47.2685648 ], [ -122.4568739, 47.26851030000001 ], [ -122.4568891, 47.2684805 ], [ -122.4569296, 47.268431899999989 ], [ -122.4569699, 47.2683949 ], [ -122.457022400000014, 47.2683532 ], [ -122.457084100000017, 47.26831450000001 ], [ -122.45713760000001, 47.2682859 ], [ -122.4572101, 47.2682582 ], [ -122.4572755, 47.26824 ], [ -122.457349199999982, 47.2682283 ], [ -122.457419099999981, 47.268225599999987 ], [ -122.457486599999982, 47.268230699999989 ], [ -122.457564599999984, 47.2682429 ], [ -122.457668600000019, 47.2682637 ], [ -122.457767300000015, 47.2682884 ], [ -122.457835499999987, 47.2683214 ], [ -122.4579001, 47.2683587 ], [ -122.4579452, 47.2683893 ], [ -122.4580108, 47.2684453 ], [ -122.4580674, 47.2685021 ], [ -122.4581266, 47.2685605 ], [ -122.458157900000018, 47.2686008 ], [ -122.4581777, 47.2686263 ], [ -122.4582246, 47.2687205 ], [ -122.4583093, 47.2688631 ], [ -122.4584366, 47.2691008 ], [ -122.458950300000012, 47.2707728 ], [ -122.458763100000013, 47.2708797 ], [ -122.458800699999983, 47.2709652 ], [ -122.4585613, 47.2711811 ], [ -122.4584547, 47.271389199999987 ], [ -122.4585206, 47.27165 ], [ -122.4594394, 47.2720197 ], [ -122.45946379999998, 47.2725162 ], [ -122.46045580000002, 47.2725272 ], [ -122.461342, 47.27420990000001 ], [ -122.461779299999989, 47.2745468 ] ] ] } },
{ "type": "Feature", "properties": { "name": "Garfield Gulch" }, "geometry": { "type": "Polygon", "coordinates": [ [ [ -122.4581476, 47.2731182 ], [ -122.4573737, 47.2729871 ], [ -122.456831900000012, 47.2728961 ], [ -122.456445700000017, 47.272823299999985 ], [ -122.4554747, 47.2725904 ], [ -122.4548042, 47.272368399999984 ], [ -122.4522507, 47.2711199 ], [ -122.4514568, 47.2706358 ], [ -122.45059310000002, 47.270031499999988 ], [ -122.4501103, 47.2695911 ], [ -122.4487317, 47.2682843 ], [ -122.447959200000014, 47.267691 ], [ -122.446510799999984, 47.2669702 ], [ -122.4458671, 47.2665844 ], [ -122.4453414, 47.266173 ], [ -122.4421307, 47.262197699999987 ], [ -122.4418008, 47.2617008 ], [ -122.441479, 47.2611419 ], [ -122.4412322, 47.2604684 ], [ -122.440787, 47.259125 ], [ -122.4404734, 47.2585488 ], [ -122.440546, 47.2585436 ], [ -122.4405992, 47.2585452 ], [ -122.4407105, 47.2585807 ], [ -122.4407668, 47.258658099999984 ], [ -122.442297, 47.26104 ], [ -122.442318500000013, 47.261129199999985 ], [ -122.4425679, 47.2613877 ], [ -122.4426377, 47.2614223 ], [ -122.4433136, 47.26217590000001 ], [ -122.443724, 47.2625818 ], [ -122.446121399999981, 47.2651387 ], [ -122.446617500000016, 47.2656925 ], [ -122.4466057, 47.265717799999983 ], [ -122.446923200000015, 47.266061 ], [ -122.446575200000012, 47.2665334 ], [ -122.4466564, 47.2665709 ], [ -122.447879400000019, 47.2671349 ], [ -122.448037, 47.26724870000001 ], [ -122.4491531, 47.267808399999979 ], [ -122.4505298, 47.2689238 ], [ -122.4522464, 47.2704963 ], [ -122.45445650000002, 47.271581 ], [ -122.455111, 47.271814 ], [ -122.4549715, 47.2720251 ], [ -122.4560015, 47.27244 ], [ -122.4571926, 47.2727218 ], [ -122.457920900000019, 47.2727608 ], [ -122.4581085, 47.2727708 ], [ -122.4581476, 47.2731182 ] ] ] } },
{ "type": "Feature", "properties": { "name": "Alling Park" }, "geometry": { "type": "Polygon", "coordinates": [ [ [ -122.4523365, 47.2038009 ], [ -122.4522293, 47.2037887 ], [ -122.4515212, 47.2038023 ], [ -122.4510156, 47.2037704 ], [ -122.4508556, 47.2036168 ], [ -122.45082050000002, 47.2020047 ], [ -122.4522608, 47.2020023 ], [ -122.4523097, 47.2020315 ], [ -122.4523365, 47.2038009 ] ] ] } },
{ "type": "Feature", "properties": { "name": "South Park" }, "geometry": { "type": "Polygon", "coordinates": [ [ [ -122.4831711, 47.2136842 ], [ -122.483257100000017, 47.2136745 ], [ -122.483431400000015, 47.213639 ], [ -122.483499800000018, 47.2136144 ], [ -122.4835752, 47.2135079 ], [ -122.483554, 47.2118028 ], [ -122.483458700000014, 47.2117729 ], [ -122.48343, 47.2117647 ], [ -122.4827036, 47.2117676 ], [ -122.4825186, 47.2117673 ], [ -122.4824106, 47.211729 ], [ -122.4823599, 47.2116969 ], [ -122.482316800000021, 47.211614 ], [ -122.4823008, 47.2101334 ], [ -122.4808753, 47.210133399999989 ], [ -122.480672700000014, 47.2097991 ], [ -122.4804944, 47.2097918 ], [ -122.48043, 47.2097745 ], [ -122.4803093, 47.209656099999982 ], [ -122.4802409, 47.2095549 ], [ -122.48019930000001, 47.2094447 ], [ -122.4801926, 47.209042 ], [ -122.4799566, 47.2090393 ], [ -122.4796294, 47.2086612 ], [ -122.479619900000017, 47.2081464 ], [ -122.4787371, 47.2078978 ], [ -122.4792204, 47.2086594 ], [ -122.479109, 47.2086605 ], [ -122.479126, 47.20899510000001 ], [ -122.479143, 47.2091292 ], [ -122.47915, 47.2091621 ], [ -122.47916, 47.2091875 ], [ -122.4799894, 47.2101296 ], [ -122.4820742, 47.2124975 ], [ -122.4831711, 47.2136842 ] ] ] } },
{ "type": "Feature", "properties": { "name": "South End Recreation & Adventure" }, "geometry": { "type": "Polygon", "coordinates": [ [ [ -122.492483100000015, 47.202439399999989 ], [ -122.4908083, 47.2024232 ], [ -122.4908127, 47.201697599999989 ], [ -122.4905461, 47.201274199999986 ], [ -122.4903868, 47.2002235 ], [ -122.4904446, 47.1998287 ], [ -122.4903428, 47.1990532 ], [ -122.490231, 47.1987388 ], [ -122.4905357, 47.1982206 ], [ -122.490799, 47.1981533 ], [ -122.4908033, 47.1975525 ], [ -122.490804800000021, 47.1974932 ], [ -122.4865696, 47.1974705 ], [ -122.4865361, 47.1975024 ], [ -122.4867493, 47.1992337 ], [ -122.486714399999983, 47.2027661 ], [ -122.487304, 47.2027676 ], [ -122.487295700000018, 47.2042712 ], [ -122.4904934, 47.2042793 ], [ -122.490492500000016, 47.2044558 ], [ -122.491798800000012, 47.2044591 ], [ -122.4927936, 47.204463 ], [ -122.492483100000015, 47.202439399999989 ] ] ] } },
{ "type": "Feature", "properties": { "name": "Manitou Park" }, "geometry": { "type": "Polygon", "coordinates": [ [ [ -122.4955163, 47.1957379 ], [ -122.49549, 47.1962168 ], [ -122.495496, 47.1966731 ], [ -122.4955513, 47.1967036 ], [ -122.495611, 47.196743699999985 ], [ -122.4956411, 47.19682670000001 ], [ -122.495645199999984, 47.1968608 ], [ -122.4956576, 47.1969223 ], [ -122.4956894, 47.1969545 ], [ -122.4957263, 47.1969709 ], [ -122.495766900000021, 47.196982499999983 ], [ -122.495793, 47.19699 ], [ -122.4959426, 47.19699390000001 ], [ -122.4968843, 47.196995 ], [ -122.4981369, 47.1965567 ], [ -122.4970152, 47.1951418 ], [ -122.4955163, 47.1957379 ] ] ] } },
{ "type": "Feature", "properties": { "name": "Charlotte's Blueberry Park" }, "geometry": { "type": "Polygon", "coordinates": [ [ [ -122.4260966, 47.1911174 ], [ -122.429972799999987, 47.1911478 ], [ -122.4300842, 47.1845756 ], [ -122.4288328, 47.1845658 ], [ -122.4275359, 47.1845557 ], [ -122.426208, 47.184545300000018 ], [ -122.426195100000015, 47.1853046 ], [ -122.4261882, 47.185715 ], [ -122.4261753, 47.1864709 ], [ -122.4261645, 47.1871113 ], [ -122.426152300000012, 47.1878331 ], [ -122.4261311, 47.1890811 ], [ -122.4261185, 47.1898216 ], [ -122.4261114, 47.1902408 ], [ -122.4261101, 47.1903169 ], [ -122.426097, 47.1910896 ], [ -122.4260966, 47.1911174 ] ] ] } },
{ "type": "Feature", "properties": { "name": "Verlo Playfield" }, "geometry": { "type": "Polygon", "coordinates": [ [ [ -122.4182096, 47.2172354 ], [ -122.4181865, 47.218303 ], [ -122.420729300000019, 47.2183283 ], [ -122.4207523, 47.2172607 ], [ -122.4182096, 47.2172354 ] ] ] } },
{ "type": "Feature", "properties": { "name": "Rogers Playfield" }, "geometry": { "type": "Polygon", "coordinates": [ [ [ -122.41516510000001, 47.2326911 ], [ -122.413882199999989, 47.232817 ], [ -122.4140729, 47.233713 ], [ -122.4153558, 47.233587100000015 ], [ -122.41516510000001, 47.2326911 ] ] ] } },
{ "type": "Feature", "properties": { "name": "Portland Avenue Park" }, "geometry": { "type": "Polygon", "coordinates": [ [ [ -122.4081976, 47.2294336 ], [ -122.4053869, 47.2297404 ], [ -122.4059266, 47.2320695 ], [ -122.408667200000011, 47.23177050000001 ], [ -122.408748499999987, 47.2317616 ], [ -122.4081976, 47.2294336 ] ] ] } },
{ "type": "Feature", "properties": { "name": "Roosevelt Park" }, "geometry": { "type": "Polygon", "coordinates": [ [ [ -122.3986846, 47.2280163 ], [ -122.397019300000011, 47.2280118 ], [ -122.3970233, 47.2273191 ], [ -122.3970288, 47.2263942 ], [ -122.3970341, 47.225488 ], [ -122.3986995, 47.2254925 ], [ -122.3986846, 47.2280163 ] ] ] } },
{ "type": "Feature", "properties": { "name": "Lincoln Heights Park" }, "geometry": { "type": "Polygon", "coordinates": [ [ [ -122.469184199999987, 47.226294 ], [ -122.4691681, 47.226283 ], [ -122.4691493, 47.226278 ], [ -122.4685438, 47.2262585 ], [ -122.4685465, 47.2266269 ], [ -122.4686591, 47.2268673 ], [ -122.4689032, 47.2272534 ], [ -122.4687034, 47.2273436 ], [ -122.468907200000018, 47.2275203 ], [ -122.4690132, 47.2275822 ], [ -122.4692224, 47.2276523 ], [ -122.4695107, 47.2277024 ], [ -122.4697079, 47.22770520000001 ], [ -122.469734700000018, 47.2276733 ], [ -122.469729300000012, 47.2276378 ], [ -122.46957639999998, 47.2274374 ], [ -122.4695, 47.2272835 ], [ -122.4694678, 47.2272134 ], [ -122.4693578, 47.2268554 ], [ -122.469184199999987, 47.226294 ] ] ] } },
{ "type": "Feature", "properties": { "name": "Wright Park" }, "geometry": { "type": "Polygon", "coordinates": [ [ [ -122.449923200000015, 47.2575721 ], [ -122.4472517, 47.257856 ], [ -122.4484595, 47.263310199999985 ], [ -122.450987399999988, 47.2620244 ], [ -122.449923200000015, 47.2575721 ] ] ] } },
{ "type": "Feature", "properties": { "name": "Firemans Park" }, "geometry": { "type": "Polygon", "coordinates": [ [ [ -122.438521400000013, 47.2570432 ], [ -122.4385869, 47.257002 ], [ -122.4381062, 47.2566692 ], [ -122.437994800000013, 47.2566699 ], [ -122.4379233, 47.256655 ], [ -122.437871500000014, 47.2566336 ], [ -122.4378372, 47.2566022 ], [ -122.437818, 47.25655840000001 ], [ -122.43762150000002, 47.2556469 ], [ -122.437594600000011, 47.2556382 ], [ -122.437422399999988, 47.2556549 ], [ -122.4373404, 47.2556606 ], [ -122.4372647, 47.2556591 ], [ -122.43719040000002, 47.255651 ], [ -122.437075800000017, 47.2556074 ], [ -122.4370125, 47.2556475 ], [ -122.437003500000017, 47.2556423 ], [ -122.4369224, 47.2556996 ], [ -122.4370216, 47.2558395 ], [ -122.437394, 47.25637 ], [ -122.4377016, 47.2567299 ], [ -122.4379068, 47.2569608 ], [ -122.438104699999982, 47.2569339 ], [ -122.438260699999987, 47.2571161 ], [ -122.4384712, 47.2573213 ], [ -122.438664499999987, 47.2574679 ], [ -122.4388182, 47.2575373 ], [ -122.438873099999981, 47.2574467 ], [ -122.4386809, 47.2573219 ], [ -122.4385906, 47.2571641 ], [ -122.438521400000013, 47.2570432 ] ] ] } },
{ "type": "Feature", "properties": { "name": "Stanley Playfield" }, "geometry": { "type": "Polygon", "coordinates": [ [ [ -122.460907400000011, 47.2440671 ], [ -122.4599876, 47.2440729 ], [ -122.459982199999985, 47.243899 ], [ -122.459892300000021, 47.2439027 ], [ -122.4597596, 47.2438107 ], [ -122.4590662, 47.243892199999983 ], [ -122.4589985, 47.2439213 ], [ -122.4589583, 47.2439573 ], [ -122.4589388, 47.2440629 ], [ -122.4588791, 47.2440679 ], [ -122.4588248, 47.244125699999984 ], [ -122.458069100000017, 47.2442168 ], [ -122.457813, 47.2430605 ], [ -122.457829700000019, 47.243035 ], [ -122.4593934, 47.2428684 ], [ -122.460046600000013, 47.2427947 ], [ -122.46020750000001, 47.2427842 ], [ -122.4606092, 47.2427803 ], [ -122.460907400000011, 47.2440671 ] ] ] } },
{ "type": "Feature", "properties": { "name": "Irving Park" }, "geometry": { "type": "Polygon", "coordinates": [ [ [ -122.4628401, 47.2353228 ], [ -122.4628331, 47.236537099999985 ], [ -122.462722, 47.23653680000001 ], [ -122.461692899999989, 47.2365341 ], [ -122.4616998, 47.2353009 ], [ -122.4628401, 47.2353228 ] ] ] } },
{ "type": "Feature", "properties": { "name": "Peck Community Sports Park" }, "geometry": { "type": "Polygon", "coordinates": [ [ [ -122.4670431, 47.2478582 ], [ -122.4682753, 47.2478553 ], [ -122.4682806, 47.2482716 ], [ -122.466832, 47.2482801 ], [ -122.4668266, 47.2484066 ], [ -122.466119, 47.2484209 ], [ -122.466118800000018, 47.2483518 ], [ -122.4661168, 47.2482902 ], [ -122.465737499999989, 47.248291 ], [ -122.4654538, 47.2482901 ], [ -122.4631646, 47.2482878 ], [ -122.4630721, 47.2482328 ], [ -122.4630437, 47.2467074 ], [ -122.4631332, 47.2466739 ], [ -122.46342079999998, 47.2466591 ], [ -122.465429699999987, 47.2466228 ], [ -122.4655159, 47.2466717 ], [ -122.465525900000017, 47.248258599999986 ], [ -122.465651, 47.2482575 ], [ -122.46564549999998, 47.247864899999989 ], [ -122.4670431, 47.2478582 ] ] ] } },
{ "type": "Feature", "properties": { "name": "Senator Rosa Franklin Park" }, "geometry": { "type": "Polygon", "coordinates": [ [ [ -122.4793257, 47.2470795 ], [ -122.4793155, 47.2455733 ], [ -122.482141900000016, 47.2456103 ], [ -122.48216410000002, 47.24640320000001 ], [ -122.4820278, 47.2464055 ], [ -122.482057, 47.249899199999987 ], [ -122.482017499999984, 47.2499326 ], [ -122.4793638, 47.2499308 ], [ -122.479362200000011, 47.2492546 ], [ -122.4797177, 47.24925420000001 ], [ -122.47992290000002, 47.2490114 ], [ -122.479912199999987, 47.2484078 ], [ -122.480353799999989, 47.2482357 ], [ -122.4806872, 47.2482437 ], [ -122.4806851, 47.2477214 ], [ -122.4801511, 47.247722 ], [ -122.480118, 47.2470784 ], [ -122.4793257, 47.2470795 ] ] ] } },
{ "type": "Feature", "properties": { "name": "Puget Creek Natural Area" }, "geometry": { "type": "Polygon", "coordinates": [ [ [ -122.488683600000016, 47.2765864 ], [ -122.4881053, 47.2765771 ], [ -122.4881086, 47.2758472 ], [ -122.488109, 47.275816 ], [ -122.4861243, 47.2758057 ], [ -122.4855655, 47.2757895 ], [ -122.484182100000012, 47.2757726 ], [ -122.4841871, 47.2755537 ], [ -122.482322899999986, 47.2755764 ], [ -122.48174760000002, 47.2757984 ], [ -122.4815165, 47.2761278 ], [ -122.48019690000001, 47.2764381 ], [ -122.4799178, 47.276847099999983 ], [ -122.4795389, 47.2765928 ], [ -122.4792491, 47.2766992 ], [ -122.4790161, 47.2772824 ], [ -122.47862, 47.2776152 ], [ -122.4786152, 47.2779514 ], [ -122.4783738, 47.27794930000001 ], [ -122.4782318, 47.2780933 ], [ -122.478017200000011, 47.2780885 ], [ -122.477885599999979, 47.2779453 ], [ -122.4776114, 47.277943 ], [ -122.4776409, 47.2788193 ], [ -122.479039699999987, 47.2793051 ], [ -122.479097900000014, 47.2792643 ], [ -122.479152200000016, 47.2792365 ], [ -122.47923179999998, 47.2792206 ], [ -122.4792798, 47.2792179 ], [ -122.4793603, 47.27922920000001 ], [ -122.4794086, 47.2792556 ], [ -122.47946, 47.2792954 ], [ -122.4794839, 47.2793508 ], [ -122.4794938, 47.2794133 ], [ -122.4794872, 47.2794894 ], [ -122.479932299999987, 47.2794976 ], [ -122.480071, 47.2795001 ], [ -122.48062, 47.2787572 ], [ -122.4807293, 47.2785933 ], [ -122.4809323, 47.2784059 ], [ -122.4811393, 47.2780891 ], [ -122.481251700000016, 47.278078 ], [ -122.4815099, 47.2780524 ], [ -122.481867100000017, 47.2778233 ], [ -122.4823137, 47.2777677 ], [ -122.482595299999986, 47.277914 ], [ -122.4829311, 47.2778828 ], [ -122.4829467, 47.2773831 ], [ -122.4838732, 47.2773391 ], [ -122.483964300000011, 47.2775827 ], [ -122.48410370000002, 47.2775985 ], [ -122.4842809, 47.277592 ], [ -122.4844799, 47.2774604 ], [ -122.484856800000017, 47.277337500000016 ], [ -122.4850718, 47.2771556 ], [ -122.487166799999983, 47.2771809 ], [ -122.4881216, 47.2771924 ], [ -122.4881225, 47.2773414 ], [ -122.4881242, 47.277623 ], [ -122.48812460000002, 47.2776843 ], [ -122.4883223, 47.2776841 ], [ -122.488813, 47.277687 ], [ -122.489629399999984, 47.2776913 ], [ -122.4896132, 47.2775556 ], [ -122.489557600000012, 47.2770887 ], [ -122.4889423, 47.2770752 ], [ -122.48867730000002, 47.2770693 ], [ -122.488683600000016, 47.2765864 ] ] ] } },
{ "type": "Feature", "properties": { "name": "Kandle Park" }, "geometry": { "type": "Polygon", "coordinates": [ [ [ -122.507859300000021, 47.2702708 ], [ -122.5078696, 47.2700325 ], [ -122.507877100000016, 47.269604699999988 ], [ -122.507795200000018, 47.2695647 ], [ -122.5077845, 47.2690942 ], [ -122.50770540000002, 47.2689759 ], [ -122.5104305, 47.2689841 ], [ -122.510456, 47.2689978 ], [ -122.5104265, 47.2705466 ], [ -122.510443899999984, 47.2709452 ], [ -122.510402400000018, 47.2709779 ], [ -122.5065601, 47.2709439 ], [ -122.5063007, 47.2709297 ], [ -122.5064522, 47.270759299999987 ], [ -122.507578, 47.2707681 ], [ -122.5076479, 47.2706165 ], [ -122.5076398, 47.2702697 ], [ -122.507859300000021, 47.2702708 ] ] ] } },
{ "type": "Feature", "properties": { "name": "Jane Clark Park" }, "geometry": { "type": "Polygon", "coordinates": [ [ [ -122.505057, 47.2858391 ], [ -122.5050659, 47.2847328 ], [ -122.501951099999985, 47.2847246 ], [ -122.501945300000017, 47.2857336 ], [ -122.5035843, 47.2857379 ], [ -122.503584, 47.2857907 ], [ -122.5039732, 47.2857918 ], [ -122.5039729, 47.2858362 ], [ -122.505057, 47.2858391 ] ] ] } },
{ "type": "Feature", "properties": { "name": "Ryan's Park" }, "geometry": { "type": "Polygon", "coordinates": [ [ [ -122.43739530000002, 47.1842426 ], [ -122.437957600000018, 47.1842471 ], [ -122.438228899999984, 47.1842465 ], [ -122.4382308, 47.1845228 ], [ -122.439489800000018, 47.1845333 ], [ -122.4395773, 47.1846012 ], [ -122.4395809, 47.18469 ], [ -122.4393333, 47.184689 ], [ -122.4393198, 47.1855267 ], [ -122.438620900000018, 47.1855256 ], [ -122.438617, 47.1863521 ], [ -122.4384236, 47.1863515 ], [ -122.4384258, 47.185522899999988 ], [ -122.437360899999987, 47.1855163 ], [ -122.437375, 47.184694899999982 ], [ -122.4373938, 47.184695 ], [ -122.437394, 47.1846605 ], [ -122.4368629, 47.1846532 ], [ -122.4368624, 47.1846323 ], [ -122.4368642, 47.1845338 ], [ -122.437394, 47.1845392 ], [ -122.43739530000002, 47.1842426 ] ] ] } },
{ "type": "Feature", "properties": { "name": "Fern Hill Park" }, "geometry": { "type": "Polygon", "coordinates": [ [ [ -122.438676, 47.1758635 ], [ -122.4387016, 47.177286499999987 ], [ -122.4380685, 47.177291799999985 ], [ -122.4380631, 47.1769929 ], [ -122.4374922, 47.1769976 ], [ -122.437478200000015, 47.1762187 ], [ -122.4380318, 47.1762141 ], [ -122.4380256, 47.1758689 ], [ -122.438676, 47.1758635 ] ] ] } },
{ "type": "Feature", "properties": { "name": "China Lake Park" }, "geometry": { "type": "Polygon", "coordinates": [ [ [ -122.5110746, 47.2491589 ], [ -122.5122933, 47.2491557 ], [ -122.5123025, 47.2499829 ], [ -122.5123026, 47.2499923 ], [ -122.5114937, 47.2499896 ], [ -122.511498900000021, 47.2497709 ], [ -122.5107747, 47.2489547 ], [ -122.508754, 47.24667740000001 ], [ -122.507006799999985, 47.2443054 ], [ -122.5065483, 47.2430995 ], [ -122.508241600000019, 47.24299 ], [ -122.5082696, 47.2433846 ], [ -122.509191299999983, 47.2433713 ], [ -122.509185200000019, 47.2432606 ], [ -122.5091684, 47.2429528 ], [ -122.510414, 47.242949 ], [ -122.5104244, 47.243370400000011 ], [ -122.5104461, 47.2442544 ], [ -122.510881, 47.2442484 ], [ -122.511070600000011, 47.2490562 ], [ -122.5110746, 47.2491589 ] ] ] } },
{ "type": "Feature", "properties": { "name": "Oakland Madrona Park" }, "geometry": { "type": "Polygon", "coordinates": [ [ [ -122.490969800000016, 47.2321851 ], [ -122.491022699999988, 47.2317309 ], [ -122.4914817, 47.2317309 ], [ -122.491481, 47.2318913 ], [ -122.492119200000019, 47.2318825 ], [ -122.4921093, 47.2314376 ], [ -122.491583, 47.2313815 ], [ -122.491079699999986, 47.2313416 ], [ -122.489828, 47.2313514 ], [ -122.489837900000012, 47.2321712 ], [ -122.490969800000016, 47.2321851 ] ] ] } },
{ "type": "Feature", "properties": { "name": "Neighbors Park" }, "geometry": { "type": "Polygon", "coordinates": [ [ [ -122.4503479, 47.2557446 ], [ -122.4497674, 47.2558089 ], [ -122.4496698, 47.2554029 ], [ -122.450250200000013, 47.2553386 ], [ -122.4503479, 47.2557446 ] ] ] } },
{ "type": "Feature", "properties": { "name": "Old Town Park" }, "geometry": { "type": "Polygon", "coordinates": [ [ [ -122.4688855, 47.2742738 ], [ -122.4685681, 47.2742763 ], [ -122.468562599999984, 47.2739554 ], [ -122.468178200000011, 47.2739584 ], [ -122.468183, 47.2742667 ], [ -122.467905, 47.2742654 ], [ -122.467916399999979, 47.2746993 ], [ -122.4688927, 47.2746924 ], [ -122.4688855, 47.2742738 ] ] ] } },
{ "type": "Feature", "properties": { "name": "Vassault Park" }, "geometry": { "type": "Polygon", "coordinates": [ [ [ -122.5217886, 47.2799151 ], [ -122.5214369, 47.2805628 ], [ -122.521323, 47.2808477 ], [ -122.521039400000021, 47.2818073 ], [ -122.5210096, 47.2822705 ], [ -122.5209539, 47.2822936 ], [ -122.520676200000011, 47.2822641 ], [ -122.5204182, 47.2822075 ], [ -122.5200244, 47.2820817 ], [ -122.5191879, 47.2817914 ], [ -122.518853, 47.2817 ], [ -122.518622, 47.2816665 ], [ -122.5182542, 47.2816287 ], [ -122.5171414, 47.2816194 ], [ -122.517154800000014, 47.2803772 ], [ -122.517215199999981, 47.280376799999985 ], [ -122.517225900000014, 47.2798786 ], [ -122.5217886, 47.2799151 ] ] ] } },
{ "type": "Feature", "properties": { "name": "Jefferson Park" }, "geometry": { "type": "Polygon", "coordinates": [ [ [ -122.4898257, 47.2566265 ], [ -122.49157839999998, 47.25662160000001 ], [ -122.4915763, 47.2562645 ], [ -122.4942584, 47.256277799999985 ], [ -122.4942457, 47.2579721 ], [ -122.4942218, 47.2580042 ], [ -122.4941859, 47.258016 ], [ -122.489837, 47.2579866 ], [ -122.4898257, 47.2566265 ] ] ] } },
{ "type": "Feature", "properties": { "name": "Optimist Park" }, "geometry": { "type": "Polygon", "coordinates": [ [ [ -122.5352517, 47.263531 ], [ -122.534610599999979, 47.2635265 ], [ -122.5345932, 47.2618345 ], [ -122.534626700000018, 47.2618054 ], [ -122.5346549, 47.261795400000011 ], [ -122.535139, 47.2617991 ], [ -122.5351363, 47.2621231 ], [ -122.5357948, 47.262124 ], [ -122.535790800000015, 47.2630286 ], [ -122.5352477, 47.2630277 ], [ -122.5352517, 47.263531 ] ] ] } },
{ "type": "Feature", "properties": { "name": "Titlow Park" }, "geometry": { "type": "Polygon", "coordinates": [ [ [ -122.5479983, 47.2555376 ], [ -122.547976600000013, 47.2555261 ], [ -122.5479533, 47.25551810000001 ], [ -122.547924400000014, 47.255511599999984 ], [ -122.547892500000017, 47.2555082 ], [ -122.5476088, 47.255505 ], [ -122.5466957, 47.255494599999984 ], [ -122.547184299999984, 47.2542246 ], [ -122.547294300000019, 47.253994899999988 ], [ -122.547346600000012, 47.2539048 ], [ -122.5473861, 47.2538366 ], [ -122.547486, 47.2536991 ], [ -122.5476089, 47.2535211 ], [ -122.5476905, 47.2533753 ], [ -122.5477639, 47.2531922 ], [ -122.5478208, 47.2529402 ], [ -122.547854, 47.2526461 ], [ -122.5478564, 47.2518612 ], [ -122.5479399, 47.251470100000013 ], [ -122.5481012, 47.251231 ], [ -122.5485049, 47.2499891 ], [ -122.5485083, 47.2499518 ], [ -122.54858870000001, 47.2497733 ], [ -122.5486505, 47.2495678 ], [ -122.5486947, 47.249451 ], [ -122.548791, 47.249232 ], [ -122.5489593, 47.2488502 ], [ -122.54915339999998, 47.2483832 ], [ -122.5495683, 47.247303499999987 ], [ -122.549609, 47.247239 ], [ -122.5496559, 47.2471642 ], [ -122.549696, 47.2471018 ], [ -122.5497421, 47.2470135 ], [ -122.5498107, 47.246955 ], [ -122.549874299999985, 47.2469069 ], [ -122.5499825, 47.2468607 ], [ -122.550058, 47.2468137 ], [ -122.5501504, 47.2467732 ], [ -122.5502113, 47.2467429 ], [ -122.5503683, 47.2466973 ], [ -122.5505177, 47.2466691 ], [ -122.5505786, 47.2466544 ], [ -122.5507219, 47.2466432 ], [ -122.5509288, 47.2466306 ], [ -122.5512485, 47.2466151 ], [ -122.552143, 47.2466201 ], [ -122.5524006, 47.2466249 ], [ -122.5524737, 47.2466323 ], [ -122.552524300000016, 47.2466444 ], [ -122.5525851, 47.2466638 ], [ -122.55263770000002, 47.2466869 ], [ -122.55267790000002, 47.2467073 ], [ -122.55274780000002, 47.246739 ], [ -122.552797, 47.246741200000017 ], [ -122.5528729, 47.2467326 ], [ -122.552907800000014, 47.246719 ], [ -122.552963300000016, 47.2466841 ], [ -122.5530257, 47.246673400000013 ], [ -122.553112400000018, 47.2466632 ], [ -122.553232100000017, 47.246653299999984 ], [ -122.553306, 47.2466519 ], [ -122.553478400000017, 47.2466227 ], [ -122.553654800000018, 47.2466122 ], [ -122.553711299999989, 47.2465933 ], [ -122.553812400000012, 47.2465648 ], [ -122.55394130000002, 47.2465397 ], [ -122.5541324, 47.2464992 ], [ -122.5541324, 47.246547 ], [ -122.554214900000019, 47.2465475 ], [ -122.5539051, 47.2467587 ], [ -122.5537857, 47.2468461 ], [ -122.553548400000011, 47.2470664 ], [ -122.553203699999983, 47.2473905 ], [ -122.5529422, 47.24763080000001 ], [ -122.5527732, 47.2478211 ], [ -122.5525998, 47.2479894 ], [ -122.5524325, 47.2482171 ], [ -122.5521707, 47.2485944 ], [ -122.551991299999983, 47.2488125 ], [ -122.5519837, 47.248882499999986 ], [ -122.5519727, 47.2489833 ], [ -122.552162200000012, 47.2490972 ], [ -122.552393800000019, 47.2492354 ], [ -122.5525484, 47.2493852 ], [ -122.5526901, 47.2495706 ], [ -122.552818699999989, 47.2497811 ], [ -122.5529217, 47.2499967 ], [ -122.553015500000015, 47.250249499999988 ], [ -122.553102, 47.2504919 ], [ -122.5532152, 47.2508723 ], [ -122.5533094, 47.2513217 ], [ -122.5533606, 47.2516927 ], [ -122.5533771, 47.2520461 ], [ -122.5533441, 47.2524904 ], [ -122.5532545, 47.2529145 ], [ -122.5531394, 47.2532434 ], [ -122.552987300000012, 47.25358330000001 ], [ -122.552828399999981, 47.2538536 ], [ -122.5526478, 47.254097499999986 ], [ -122.5524961, 47.254269699999988 ], [ -122.552318, 47.2544473 ], [ -122.5521551, 47.2545634 ], [ -122.551996, 47.2546293 ], [ -122.55187, 47.2546634 ], [ -122.5517365, 47.2546793 ], [ -122.551621900000015, 47.254684899999987 ], [ -122.551478800000012, 47.2546732 ], [ -122.5513717, 47.2546593 ], [ -122.5512744, 47.2546503 ], [ -122.551198, 47.2546797 ], [ -122.551133100000015, 47.254736 ], [ -122.550948, 47.2549638 ], [ -122.5505345, 47.2552431 ], [ -122.5504318, 47.2555686 ], [ -122.5503002, 47.2559343 ], [ -122.549797700000013, 47.2559191 ], [ -122.5481465, 47.2558693 ], [ -122.548128100000014, 47.255823699999986 ], [ -122.5480458, 47.2556199 ], [ -122.5480287, 47.2555772 ], [ -122.5480154, 47.2555547 ], [ -122.5479983, 47.2555376 ] ] ] } },
{ "type": "Feature", "properties": { "name": "Oak Tree Park" }, "geometry": { "type": "Polygon", "coordinates": [ [ [ -122.4791897, 47.1847689 ], [ -122.4779154, 47.1847712 ], [ -122.4765455, 47.184784 ], [ -122.4757938, 47.1847906 ], [ -122.475795500000018, 47.1848827 ], [ -122.475828, 47.1865948 ], [ -122.4740001, 47.1866108 ], [ -122.4738506, 47.1866121 ], [ -122.4738632, 47.1872764 ], [ -122.475794300000018, 47.18725950000001 ], [ -122.4758173, 47.1884712 ], [ -122.4758474, 47.190055 ], [ -122.47584830000001, 47.190103899999983 ], [ -122.476493100000013, 47.1900989 ], [ -122.476479899999987, 47.189283 ], [ -122.476793900000018, 47.1892807 ], [ -122.47677849999998, 47.1883253 ], [ -122.4770196, 47.1879963 ], [ -122.4777357, 47.1874367 ], [ -122.478236, 47.1870257 ], [ -122.4795663, 47.1863913 ], [ -122.48032689999998, 47.1861782 ], [ -122.4810779, 47.1859538 ], [ -122.483499800000018, 47.1856982 ], [ -122.4835003, 47.1855638 ], [ -122.4819867, 47.1855573 ], [ -122.4808055, 47.1857834 ], [ -122.479699100000019, 47.1861088 ], [ -122.47920910000002, 47.1863036 ], [ -122.4791897, 47.1847689 ] ] ] } },
{ "type": "Feature", "properties": { "name": "Cloverdale Park" }, "geometry": { "type": "Polygon", "coordinates": [ [ [ -122.4061719, 47.2039751 ], [ -122.4061675, 47.2035712 ], [ -122.4072602, 47.2035658 ], [ -122.4072685, 47.2043406 ], [ -122.405413300000021, 47.20435040000001 ], [ -122.4054093, 47.2039788 ], [ -122.4061719, 47.2039751 ] ] ] } },
{ "type": "Feature", "properties": { "name": "Sheridan Park" }, "geometry": { "type": "Polygon", "coordinates": [ [ [ -122.452822, 47.2377441 ], [ -122.4521886, 47.2378056 ], [ -122.452074600000017, 47.2372652 ], [ -122.452708, 47.2372036 ], [ -122.452822, 47.2377441 ] ] ] } },
{ "type": "Feature", "properties": { "name": "Sawyer Tot Lot" }, "geometry": { "type": "Polygon", "coordinates": [ [ [ -122.4534769, 47.228876400000011 ], [ -122.454004499999982, 47.2288764 ], [ -122.454004400000017, 47.2291776 ], [ -122.454004400000017, 47.2292363 ], [ -122.4540043, 47.2294193 ], [ -122.4534768, 47.229419300000011 ], [ -122.4534769, 47.228876400000011 ] ] ] } },
{ "type": "Feature", "properties": { "name": "Thea's Park" }, "geometry": { "type": "Polygon", "coordinates": [ [ [ -122.440317300000018, 47.2619159 ], [ -122.4403685, 47.261952 ], [ -122.440289400000012, 47.2620047 ], [ -122.4402029, 47.2619702 ], [ -122.4401278, 47.2619492 ], [ -122.440038, 47.2619383 ], [ -122.439968199999981, 47.2619347 ], [ -122.4398341, 47.261931 ], [ -122.4397744, 47.2619565 ], [ -122.439704, 47.2620184 ], [ -122.439689900000019, 47.2619865 ], [ -122.439673199999987, 47.26196740000001 ], [ -122.439624900000013, 47.261881 ], [ -122.4396209, 47.2618382 ], [ -122.438933600000013, 47.2608335 ], [ -122.438928, 47.2608253 ], [ -122.439132200000017, 47.2607702 ], [ -122.43932430000001, 47.2609084 ], [ -122.4394963, 47.2610211 ], [ -122.4395972, 47.2610918 ], [ -122.439665, 47.26115080000001 ], [ -122.439742100000018, 47.2612269 ], [ -122.4398099, 47.2613168 ], [ -122.440074, 47.2616852 ], [ -122.4401356, 47.2617578 ], [ -122.4402224, 47.2618297 ], [ -122.440268799999984, 47.2618738 ], [ -122.440317300000018, 47.2619159 ] ] ] } },
{ "type": "Feature", "properties": { "name": "Northeast Tacoma Playground" }, "geometry": { "type": "Polygon", "coordinates": [ [ [ -122.3738538, 47.2826381 ], [ -122.3727233, 47.2826073 ], [ -122.37281710000002, 47.2810179 ], [ -122.373947700000016, 47.2810487 ], [ -122.3738538, 47.2826381 ] ] ] } },
{ "type": "Feature", "properties": { "name": "DeLong Park" }, "geometry": { "type": "Polygon", "coordinates": [ [ [ -122.500849, 47.2500231 ], [ -122.499654600000014, 47.250032599999983 ], [ -122.4996561, 47.2496695 ], [ -122.4994454, 47.249669499999989 ], [ -122.4994477, 47.2492876 ], [ -122.4992741, 47.248582 ], [ -122.499112, 47.2485452 ], [ -122.4990723, 47.2484467 ], [ -122.499170100000015, 47.2483394 ], [ -122.49917139999998, 47.2482747 ], [ -122.499107199999983, 47.2481872 ], [ -122.4989836, 47.248151300000011 ], [ -122.4988045, 47.2479898 ], [ -122.498678700000013, 47.2478797 ], [ -122.498417300000014, 47.2478777 ], [ -122.4984131, 47.2463198 ], [ -122.4981727, 47.2463208 ], [ -122.497802600000014, 47.2463223 ], [ -122.4978054, 47.2446656 ], [ -122.4997191, 47.2446846 ], [ -122.4997201, 47.2447463 ], [ -122.4997366, 47.2457224 ], [ -122.4997629, 47.2465277 ], [ -122.50071370000002, 47.2465311 ], [ -122.500712800000017, 47.2465742 ], [ -122.5009752, 47.2465777 ], [ -122.5008718, 47.248732 ], [ -122.5006815, 47.2487275 ], [ -122.5006815, 47.2492665 ], [ -122.500847900000011, 47.2492649 ], [ -122.500849, 47.2500231 ] ] ] } },
{ "type": "Feature", "properties": { "name": "War Memorial Park" }, "geometry": { "type": "Polygon", "coordinates": [ [ [ -122.5357003, 47.2581356 ], [ -122.535662, 47.2574476 ], [ -122.53565709999998, 47.2573988 ], [ -122.5356484, 47.2573462 ], [ -122.53563579999998, 47.2573042 ], [ -122.535610700000021, 47.2572627 ], [ -122.5355746, 47.257230799999981 ], [ -122.5355288, 47.2572004 ], [ -122.535474, 47.2571746 ], [ -122.535419100000013, 47.2571528 ], [ -122.533983100000015, 47.2565793 ], [ -122.5330193, 47.2562187 ], [ -122.5328802, 47.2561782 ], [ -122.5327414, 47.2561399 ], [ -122.532583, 47.2561054 ], [ -122.532430599999984, 47.2560783 ], [ -122.532196299999981, 47.2560427 ], [ -122.5319898, 47.2560237 ], [ -122.5317805, 47.2560111 ], [ -122.531450300000017, 47.2560059 ], [ -122.5314369, 47.25597 ], [ -122.5314369, 47.255935 ], [ -122.531440700000019, 47.2558696 ], [ -122.53143110000002, 47.2555911 ], [ -122.5326005, 47.2555938 ], [ -122.5326164, 47.2557033 ], [ -122.5327842, 47.2557236 ], [ -122.5336275, 47.2559623 ], [ -122.5341412, 47.2561472 ], [ -122.534635, 47.2563398 ], [ -122.5355512, 47.2567406 ], [ -122.53680559999998, 47.2573615 ], [ -122.5368663, 47.2576355 ], [ -122.5368583, 47.2578708 ], [ -122.536831600000014, 47.2579777 ], [ -122.5357003, 47.2581356 ] ] ] } },
{ "type": "Feature", "properties": { "name": "Dickman Mill Park" }, "geometry": { "type": "Polygon", "coordinates": [ [ [ -122.46937370000002, 47.276794 ], [ -122.4693742, 47.2766081 ], [ -122.4700394, 47.2767555 ], [ -122.4705308, 47.2768679 ], [ -122.470873900000015, 47.276969100000017 ], [ -122.4710376, 47.2770286 ], [ -122.471216200000015, 47.2770997 ], [ -122.471618600000014, 47.2772953 ], [ -122.4726769, 47.2779064 ], [ -122.472461399999986, 47.2781763 ], [ -122.471981099999979, 47.2780498 ], [ -122.471557300000015, 47.277937 ], [ -122.4713963, 47.2778933 ], [ -122.47123, 47.2778169 ], [ -122.4710208, 47.2777623 ], [ -122.470918900000015, 47.277766 ], [ -122.4708203, 47.2777641 ], [ -122.4708096, 47.277763899999989 ], [ -122.470744, 47.2777345 ], [ -122.4706709, 47.2777312 ], [ -122.470621699999981, 47.2777498 ], [ -122.4704945, 47.2777809 ], [ -122.470361299999979, 47.277801 ], [ -122.4702408, 47.2777954 ], [ -122.47010760000002, 47.2777625 ], [ -122.4700018, 47.2777242 ], [ -122.469906900000012, 47.2776761 ], [ -122.4696962, 47.2775495 ], [ -122.4696194, 47.2775021 ], [ -122.469439799999989, 47.2773912 ], [ -122.469399599999988, 47.277358 ], [ -122.4693674, 47.2773191 ], [ -122.4693409, 47.2772806 ], [ -122.469322, 47.2772438 ], [ -122.4693127, 47.2772155 ], [ -122.469308399999989, 47.2771879 ], [ -122.469307599999979, 47.277157 ], [ -122.4693119, 47.2771197 ], [ -122.469324200000017, 47.2770633 ], [ -122.469340700000018, 47.2770255 ], [ -122.4693607, 47.2769975 ], [ -122.46943760000002, 47.276924 ], [ -122.4694584, 47.27689920000001 ], [ -122.4694694, 47.276862199999989 ], [ -122.469463800000014, 47.2768373 ], [ -122.469444800000019, 47.2768147 ], [ -122.4694097, 47.2767999 ], [ -122.46937370000002, 47.276794 ] ] ] } },
{ "type": "Feature", "properties": { "name": "Catherine Ursich Park" }, "geometry": { "type": "Polygon", "coordinates": [ [ [ -122.4683749, 47.2737609 ], [ -122.4683752, 47.2733182 ], [ -122.469450600000016, 47.2733249 ], [ -122.4694502, 47.272841 ], [ -122.4712499, 47.2728451 ], [ -122.4712496, 47.2723502 ], [ -122.471, 47.2723502 ], [ -122.4710011, 47.2714387 ], [ -122.471145100000015, 47.2714387 ], [ -122.471145100000015, 47.2711582 ], [ -122.4705972, 47.2711857 ], [ -122.4705927, 47.2707674 ], [ -122.470589800000013, 47.270675900000022 ], [ -122.4709713, 47.2703373 ], [ -122.4710248, 47.2698982 ], [ -122.4709777, 47.2692928 ], [ -122.4705944, 47.2688668 ], [ -122.4708642, 47.26864230000001 ], [ -122.470820500000016, 47.2675929 ], [ -122.4709814, 47.2675945 ], [ -122.471066800000017, 47.2682852 ], [ -122.4717316, 47.2683041 ], [ -122.4717376, 47.26899 ], [ -122.4723316, 47.2691315 ], [ -122.472371699999982, 47.2701311 ], [ -122.472133400000018, 47.2710901 ], [ -122.4724537, 47.2714856 ], [ -122.47298739999998, 47.2719715 ], [ -122.4733879, 47.272587499999986 ], [ -122.473393200000018, 47.2729921 ], [ -122.4731132, 47.2732762 ], [ -122.4721214, 47.2734863 ], [ -122.471517, 47.2737656 ], [ -122.4685112, 47.2737658 ], [ -122.4683749, 47.2737609 ] ] ] } },
{ "type": "Feature", "properties": { "name": "Tacoma Nature Center" }, "geometry": { "type": "Polygon", "coordinates": [ [ [ -122.493557599999988, 47.2410534 ], [ -122.4935898, 47.2411573 ], [ -122.4936298, 47.2412611 ], [ -122.493725800000021, 47.2414723 ], [ -122.494269800000012, 47.2426698 ], [ -122.49427660000002, 47.2426891 ], [ -122.4942687, 47.2427084 ], [ -122.494251, 47.2427227 ], [ -122.4942201, 47.2427289 ], [ -122.493013399999981, 47.2427162 ], [ -122.4922184, 47.2427295 ], [ -122.4922085, 47.2424131 ], [ -122.4922077, 47.24238780000001 ], [ -122.4910747, 47.2423869 ], [ -122.491084199999989, 47.2421084 ], [ -122.491120100000018, 47.2410572 ], [ -122.4905082, 47.2409218 ], [ -122.490148100000013, 47.240973 ], [ -122.490148100000013, 47.2414959 ], [ -122.4899967, 47.2414955 ], [ -122.4900172, 47.2417212 ], [ -122.4897408, 47.241678 ], [ -122.4897056, 47.2417886 ], [ -122.489422200000021, 47.2416992 ], [ -122.4892938, 47.2416528 ], [ -122.4892017, 47.2416208 ], [ -122.489139499999979, 47.2416106 ], [ -122.489039800000015, 47.2415481 ], [ -122.48904090000002, 47.2409793 ], [ -122.4879538, 47.2409829 ], [ -122.487937, 47.240050599999989 ], [ -122.4889737, 47.2400497 ], [ -122.4889668, 47.2391872 ], [ -122.4890334, 47.2356764 ], [ -122.4890336, 47.2353789 ], [ -122.4890337, 47.2351163 ], [ -122.490336400000018, 47.2350853 ], [ -122.4909613, 47.2350297 ], [ -122.4910826, 47.2350189 ], [ -122.4909151, 47.2345824 ], [ -122.490887900000018, 47.233806299999983 ], [ -122.490449900000016, 47.2338058 ], [ -122.4903261, 47.2338057 ], [ -122.4899974, 47.2338062 ], [ -122.4899807, 47.2337619 ], [ -122.490318599999981, 47.233763 ], [ -122.4905217, 47.2337646 ], [ -122.490522200000015, 47.2337223 ], [ -122.4909769, 47.233725500000013 ], [ -122.4909769, 47.2335816 ], [ -122.490505, 47.233576 ], [ -122.4903175, 47.2335738 ], [ -122.4903171, 47.2333309 ], [ -122.4903169, 47.2331959 ], [ -122.4904494, 47.2331973 ], [ -122.4904496, 47.233078399999989 ], [ -122.490385, 47.2330781 ], [ -122.4903886, 47.2322671 ], [ -122.4914286, 47.2322695 ], [ -122.4914485, 47.2332502 ], [ -122.491451700000013, 47.2337611 ], [ -122.4915709, 47.2337617 ], [ -122.491568, 47.2332506 ], [ -122.4919803, 47.233252 ], [ -122.4919835, 47.2337639 ], [ -122.4926918, 47.2337676 ], [ -122.4929819, 47.2337691 ], [ -122.4927141, 47.2342642 ], [ -122.4926549, 47.234407 ], [ -122.4926258, 47.23448470000001 ], [ -122.4925968, 47.2345639 ], [ -122.4925725, 47.2346716 ], [ -122.492552800000013, 47.2347794 ], [ -122.4925331, 47.2348879 ], [ -122.4925226, 47.234996399999986 ], [ -122.4925382, 47.2351863 ], [ -122.4925559, 47.2353341 ], [ -122.492583700000012, 47.2354373 ], [ -122.492616799999979, 47.2355387 ], [ -122.4934329, 47.2387297 ], [ -122.4934673, 47.23890140000001 ], [ -122.49348950000001, 47.2390752 ], [ -122.4935064, 47.2393444 ], [ -122.4935173, 47.2396136 ], [ -122.49350920000002, 47.2407129 ], [ -122.493520300000014, 47.2408525 ], [ -122.493535, 47.240953 ], [ -122.493557599999988, 47.2410534 ] ] ] } },
{ "type": "Feature", "properties": { "name": null }, "geometry": { "type": "Polygon", "coordinates": [ [ [ -122.458165, 47.2683262 ], [ -122.4583822, 47.2680204 ], [ -122.4571699, 47.2676109 ], [ -122.4569473, 47.2679312 ], [ -122.458165, 47.2683262 ] ] ] } },
{ "type": "Feature", "properties": { "name": "Ferry Park" }, "geometry": { "type": "Polygon", "coordinates": [ [ [ -122.4563664, 47.248500300000011 ], [ -122.4564912, 47.2484839 ], [ -122.4565636, 47.2484639 ], [ -122.456611900000013, 47.2484329 ], [ -122.4566427, 47.2483983 ], [ -122.456660200000016, 47.2483679 ], [ -122.4566651, 47.248330299999985 ], [ -122.4566529, 47.2482878 ], [ -122.4566244, 47.2482441 ], [ -122.456577, 47.2482117 ], [ -122.45653, 47.2481953 ], [ -122.456459, 47.2481853 ], [ -122.4563973, 47.2481871 ], [ -122.4555148, 47.2482827 ], [ -122.4554706, 47.2482955 ], [ -122.4554317, 47.2483164 ], [ -122.4554075, 47.2483446 ], [ -122.4553834, 47.2483737 ], [ -122.4553727, 47.2484111 ], [ -122.45537, 47.2484438 ], [ -122.455376700000016, 47.248481199999986 ], [ -122.455396800000017, 47.2485112 ], [ -122.455425, 47.248534 ], [ -122.455467900000016, 47.2485558 ], [ -122.4555202, 47.2485731 ], [ -122.4555645, 47.248581299999984 ], [ -122.4556127, 47.2485795 ], [ -122.4563664, 47.248500300000011 ] ] ] } },
{ "type": "Feature", "properties": { "name": "Pointe Woodworth Park" }, "geometry": { "type": "Polygon", "coordinates": [ [ [ -122.369872700000016, 47.275541499999989 ], [ -122.3699035, 47.2755039 ], [ -122.3695865, 47.2753055 ], [ -122.369475599999987, 47.2751656 ], [ -122.369352500000019, 47.2750173 ], [ -122.3693338, 47.2749517 ], [ -122.3693156, 47.2748878 ], [ -122.3692864, 47.2746585 ], [ -122.369163200000017, 47.2746439 ], [ -122.3688846, 47.2749943 ], [ -122.368623400000018, 47.2753441 ], [ -122.368528900000015, 47.2754768 ], [ -122.368505, 47.2755229 ], [ -122.3686242, 47.2755472 ], [ -122.3687226, 47.2755696 ], [ -122.368798, 47.2755868 ], [ -122.368975, 47.2756045 ], [ -122.369031, 47.2756101 ], [ -122.3692749, 47.2756142 ], [ -122.3693022, 47.2756146 ], [ -122.3693273, 47.2756132 ], [ -122.3693728, 47.2756106 ], [ -122.36961890000002, 47.2756191 ], [ -122.3697667, 47.2756149 ], [ -122.369872700000016, 47.275541499999989 ] ] ] } },
{ "type": "Feature", "properties": { "name": "McKinley Park" }, "geometry": { "type": "Polygon", "coordinates": [ [ [ -122.426682600000021, 47.2343412 ], [ -122.424703100000016, 47.2352855 ], [ -122.4245448, 47.2352026 ], [ -122.4241707, 47.2352682 ], [ -122.4224943, 47.236018499999986 ], [ -122.422663300000011, 47.236187 ], [ -122.4218197, 47.23660490000001 ], [ -122.4217379, 47.2365075 ], [ -122.4198008, 47.2373552 ], [ -122.4198705, 47.2374681 ], [ -122.418135399999983, 47.2379315 ], [ -122.4180201, 47.2379609 ], [ -122.417344499999984, 47.238081 ], [ -122.4166478, 47.238133100000013 ], [ -122.4165683, 47.2378348 ], [ -122.4177583, 47.2372031 ], [ -122.417704599999979, 47.2369247 ], [ -122.4180901, 47.2368899 ], [ -122.4181049, 47.2369419 ], [ -122.4183704, 47.2369173 ], [ -122.4185045, 47.2368818 ], [ -122.4186037, 47.2368171 ], [ -122.4187633, 47.2366341 ], [ -122.418813, 47.2365239 ], [ -122.419159, 47.2360422 ], [ -122.419407100000015, 47.235729 ], [ -122.4202198, 47.234863 ], [ -122.4203029, 47.2347319 ], [ -122.42037, 47.2346526 ], [ -122.421794199999979, 47.233948700000013 ], [ -122.423197, 47.233732 ], [ -122.4247286, 47.2340116 ], [ -122.4247688, 47.2339205 ], [ -122.4246943, 47.233903499999983 ], [ -122.424673499999983, 47.2336063 ], [ -122.4256499, 47.2337529 ], [ -122.426018700000014, 47.2338258 ], [ -122.426370100000014, 47.2339223 ], [ -122.4266658, 47.2340521 ], [ -122.4269193, 47.234204600000012 ], [ -122.426682600000021, 47.2343412 ] ] ] } },
{ "type": "Feature", "properties": { "name": "Don Pugnetti Park" }, "geometry": { "type": "Polygon", "coordinates": [ [ [ -122.4361611, 47.2435485 ], [ -122.4361597, 47.2435627 ], [ -122.4361414, 47.2435716 ], [ -122.435426300000017, 47.2436433 ], [ -122.4353481, 47.2433716 ], [ -122.4353677, 47.2433565 ], [ -122.4354083, 47.2433458 ], [ -122.4355183, 47.2433369 ], [ -122.4355144, 47.2433094 ], [ -122.4360851, 47.243269 ], [ -122.436108, 47.2432739 ], [ -122.4361348, 47.2434126 ], [ -122.4361611, 47.2435485 ] ] ] } },
{ "type": "Feature", "properties": { "name": "Tollefson Plaza" }, "geometry": { "type": "Polygon", "coordinates": [ [ [ -122.4380754, 47.2479188 ], [ -122.438110900000012, 47.2479827 ], [ -122.43813320000001, 47.2480487 ], [ -122.4381561, 47.2481169 ], [ -122.43818, 47.2482071 ], [ -122.4381855, 47.248227 ], [ -122.4381751, 47.248228 ], [ -122.437958899999984, 47.2482496 ], [ -122.437880899999982, 47.2482567 ], [ -122.4376283, 47.2482836 ], [ -122.4375641, 47.247997 ], [ -122.437451200000012, 47.2474929 ], [ -122.4374245, 47.2473659 ], [ -122.4374237, 47.247355 ], [ -122.4374288, 47.2473445 ], [ -122.437439200000014, 47.2473361 ], [ -122.437448700000019, 47.2473311 ], [ -122.4374554, 47.247327599999984 ], [ -122.4374858, 47.2473404 ], [ -122.4375656, 47.2474101 ], [ -122.4376635, 47.2474997 ], [ -122.437852600000014, 47.247675399999984 ], [ -122.4379787, 47.2477974 ], [ -122.4380337, 47.2478575 ], [ -122.4380754, 47.2479188 ] ] ] } },
{ "type": "Feature", "properties": { "name": null }, "geometry": { "type": "Polygon", "coordinates": [ [ [ -122.4351898, 47.249557399999986 ], [ -122.435078399999981, 47.249573 ], [ -122.4350023, 47.249591 ], [ -122.4349014, 47.2496318 ], [ -122.43482, 47.2496799 ], [ -122.4347421, 47.2497628 ], [ -122.434713800000011, 47.249824 ], [ -122.434703200000015, 47.2498997 ], [ -122.4347121, 47.2499742 ], [ -122.434728, 47.2500198 ], [ -122.434766900000014, 47.2500739 ], [ -122.4348465, 47.250146 ], [ -122.434910200000019, 47.2501856 ], [ -122.434974, 47.250206 ], [ -122.43505709999998, 47.2502 ], [ -122.4351084, 47.2501628 ], [ -122.4351987, 47.2496979 ], [ -122.4351898, 47.249557399999986 ] ] ] } },
{ "type": "Feature", "properties": { "name": "Hamilton Park" }, "geometry": { "type": "Polygon", "coordinates": [ [ [ -122.467879600000018, 47.2766841 ], [ -122.4679832, 47.276472100000014 ], [ -122.4680852, 47.2764248 ], [ -122.4681334, 47.2763411 ], [ -122.4693742, 47.2766081 ], [ -122.46937370000002, 47.276794 ], [ -122.4692635, 47.2767579 ], [ -122.4691393, 47.276723 ], [ -122.469016, 47.2767146 ], [ -122.468816, 47.2766669 ], [ -122.468444399999981, 47.276629099999987 ], [ -122.4683325, 47.2766401 ], [ -122.4680293, 47.2768128 ], [ -122.467939, 47.276792 ], [ -122.4679011, 47.2767038 ], [ -122.467879600000018, 47.2766841 ] ] ] } },
{ "type": "Feature", "properties": { "name": "Swan Creek Park" }, "geometry": { "type": "Polygon", "coordinates": [ [ [ -122.3970304, 47.2232195 ], [ -122.3947074, 47.2232412 ], [ -122.3946565, 47.2250045 ], [ -122.3946609, 47.2269911 ], [ -122.394241300000019, 47.2269996 ], [ -122.393129499999986, 47.2270221 ], [ -122.3931296, 47.227673 ], [ -122.392373400000011, 47.2276769 ], [ -122.392074, 47.2281541 ], [ -122.3904678, 47.2281432 ], [ -122.390121100000016, 47.2280186 ], [ -122.390151700000018, 47.2278301 ], [ -122.3897652, 47.2278207 ], [ -122.3897973, 47.2245737 ], [ -122.3915849, 47.2245911 ], [ -122.392891299999988, 47.2246038 ], [ -122.393504, 47.2232072 ], [ -122.3941257, 47.220004 ], [ -122.394179800000018, 47.2185147 ], [ -122.394225799999987, 47.2153237 ], [ -122.39414170000002, 47.2121989 ], [ -122.3942157, 47.2101596 ], [ -122.3944884, 47.202637899999985 ], [ -122.395034900000013, 47.2025806 ], [ -122.3953701, 47.2024571 ], [ -122.3958508, 47.2020879 ], [ -122.396096799999981, 47.2013706 ], [ -122.395860099999979, 47.2008335 ], [ -122.3953598, 47.2002946 ], [ -122.3947454, 47.199981099999988 ], [ -122.3947583, 47.1990745 ], [ -122.39819150000001, 47.199082499999989 ], [ -122.399758899999981, 47.2008414 ], [ -122.39748520000002, 47.200831 ], [ -122.3976128, 47.201420099999986 ], [ -122.399660700000013, 47.2014277 ], [ -122.399674500000017, 47.2017669 ], [ -122.3977642, 47.2017754 ], [ -122.397458, 47.201783 ], [ -122.397117, 47.2025874 ], [ -122.3969702, 47.202574099999985 ], [ -122.3969605, 47.2035383 ], [ -122.3996917, 47.2035285 ], [ -122.39969360000002, 47.203632199999987 ], [ -122.399731599999981, 47.2057148 ], [ -122.399735100000015, 47.2062069 ], [ -122.399739, 47.2064192 ], [ -122.4026331, 47.2063796 ], [ -122.4029428, 47.2072837 ], [ -122.4030325, 47.2081746 ], [ -122.4031517, 47.209139 ], [ -122.4035152, 47.2102066 ], [ -122.4036701, 47.2105313 ], [ -122.4042879, 47.2109247 ], [ -122.404708900000017, 47.2116037 ], [ -122.404803, 47.211901899999987 ], [ -122.4052993, 47.2124112 ], [ -122.4053694, 47.2128387 ], [ -122.405181500000012, 47.2134465 ], [ -122.4048816, 47.214054199999985 ], [ -122.4027163, 47.2149327 ], [ -122.402312699999982, 47.214986399999987 ], [ -122.402131, 47.2150106 ], [ -122.4006569, 47.2152065 ], [ -122.400219400000012, 47.2153083 ], [ -122.3998229, 47.2154221 ], [ -122.3995265, 47.215623 ], [ -122.399278200000012, 47.215856 ], [ -122.399159600000019, 47.2161065 ], [ -122.3990903, 47.2164722 ], [ -122.398721699999982, 47.2165512 ], [ -122.398655099999985, 47.215567 ], [ -122.396725600000011, 47.215592 ], [ -122.3967463, 47.2162167 ], [ -122.3966977, 47.2165723 ], [ -122.3971562, 47.2182974 ], [ -122.3980371, 47.2222477 ], [ -122.3979052, 47.2223495 ], [ -122.39796410000001, 47.2226649 ], [ -122.398541900000012, 47.2227011 ], [ -122.398546400000015, 47.2229951 ], [ -122.3970461, 47.2229812 ], [ -122.3970304, 47.2232195 ] ] ] } },
{ "type": "Feature", "properties": { "name": "George H. Weyerhaeuser Jr. Park" }, "geometry": { "type": "Polygon", "coordinates": [ [ [ -122.433243300000015, 47.2425662 ], [ -122.4331963, 47.2425997 ], [ -122.4331418, 47.2427103 ], [ -122.4331403, 47.2427972 ], [ -122.4331845, 47.2430271 ], [ -122.4331915, 47.2432385 ], [ -122.433696, 47.2431904 ], [ -122.4336758, 47.243151500000018 ], [ -122.4335766, 47.242982400000017 ], [ -122.4335009, 47.2428383 ], [ -122.4332912, 47.2426164 ], [ -122.433243300000015, 47.2425662 ] ] ] } },
{ "type": "Feature", "properties": { "name": "Stewart Heights Park" }, "geometry": { "type": "Polygon", "coordinates": [ [ [ -122.428613900000016, 47.202816700000014 ], [ -122.4261848, 47.2027943 ], [ -122.4261778, 47.203264 ], [ -122.4260073, 47.2032584 ], [ -122.424969200000021, 47.2032552 ], [ -122.423649199999986, 47.203251 ], [ -122.4236292, 47.2027811 ], [ -122.4234648, 47.202778 ], [ -122.4234758, 47.2036852 ], [ -122.4237031, 47.2049049 ], [ -122.4238454, 47.206239799999985 ], [ -122.4261148, 47.2062662 ], [ -122.4261215, 47.205429 ], [ -122.42612130000002, 47.2051003 ], [ -122.426126200000013, 47.2045334 ], [ -122.428510499999987, 47.2045406 ], [ -122.42856780000001, 47.204451799999987 ], [ -122.428608, 47.2043276 ], [ -122.428613900000016, 47.202816700000014 ] ] ] } },
{ "type": "Feature", "properties": { "name": null }, "geometry": { "type": "Polygon", "coordinates": [ [ [ -122.509, 47.2621384 ], [ -122.508549400000021, 47.2621375 ], [ -122.508552, 47.2614758 ], [ -122.5090026, 47.2614766 ], [ -122.509, 47.2621384 ] ] ] } },
{ "type": "Feature", "properties": { "name": null }, "geometry": { "type": "Polygon", "coordinates": [ [ [ -122.402963, 47.303182 ], [ -122.4029264, 47.3032252 ], [ -122.402854799999986, 47.30326130000001 ], [ -122.402794, 47.303268 ], [ -122.4027551, 47.303268 ], [ -122.402236, 47.303268 ], [ -122.4020743, 47.3032151 ], [ -122.4020316, 47.3031722 ], [ -122.402016, 47.303135 ], [ -122.402015, 47.3024 ], [ -122.402074, 47.30231 ], [ -122.4021691, 47.302277899999986 ], [ -122.402225, 47.302259 ], [ -122.402516, 47.302258 ], [ -122.402771, 47.302258 ], [ -122.402825, 47.30227 ], [ -122.402884700000016, 47.302290399999983 ], [ -122.4029254, 47.302309 ], [ -122.4029775, 47.302361 ], [ -122.402997, 47.302413 ], [ -122.402996699999989, 47.3024335 ], [ -122.402986, 47.303123 ], [ -122.402963, 47.303182 ] ] ] } },
{ "type": "Feature", "properties": { "name": "South Quad" }, "geometry": { "type": "Polygon", "coordinates": [ [ [ -122.482462699999985, 47.262235499999989 ], [ -122.4825013, 47.2622486 ], [ -122.4825051, 47.2622892 ], [ -122.4825012, 47.2623313 ], [ -122.4824853, 47.2623923 ], [ -122.482458, 47.262450600000015 ], [ -122.4824147, 47.2625206 ], [ -122.4823616, 47.2625826 ], [ -122.482262599999984, 47.2626577 ], [ -122.482112299999983, 47.262748899999984 ], [ -122.4820391, 47.2627922 ], [ -122.4819509, 47.2628252 ], [ -122.4818706, 47.2628492 ], [ -122.4817613, 47.2628663 ], [ -122.4816878, 47.2628713 ], [ -122.4814356, 47.262869 ], [ -122.4811433, 47.262867 ], [ -122.481108600000013, 47.2627723 ], [ -122.481084900000013, 47.2626567 ], [ -122.4810781, 47.2625964 ], [ -122.481081900000021, 47.2624871 ], [ -122.4810876, 47.2620691 ], [ -122.4811006, 47.2620037 ], [ -122.4811302, 47.261927799999988 ], [ -122.4811492, 47.2618887 ], [ -122.481174600000017, 47.2618495 ], [ -122.4812024, 47.2618144 ], [ -122.481342700000013, 47.261814699999988 ], [ -122.4815871, 47.2618159 ], [ -122.4819114, 47.2618168 ], [ -122.4819258, 47.2618183 ], [ -122.4819399, 47.261822 ], [ -122.48194890000002, 47.2618298 ], [ -122.4819602, 47.2618415 ], [ -122.4819762, 47.261879 ], [ -122.482009, 47.2619244 ], [ -122.482038100000011, 47.2619542 ], [ -122.482084, 47.2619979 ], [ -122.4821389, 47.2620445 ], [ -122.48219180000001, 47.2620834 ], [ -122.48225, 47.2621205 ], [ -122.48230070000001, 47.2621514 ], [ -122.482346, 47.2621786 ], [ -122.4824078, 47.2622127 ], [ -122.482462699999985, 47.262235499999989 ] ] ] } },
{ "type": "Feature", "properties": { "name": "Baltimore Park" }, "geometry": { "type": "Polygon", "coordinates": [ [ [ -122.50828460000001, 47.2920138 ], [ -122.510300700000016, 47.2920273 ], [ -122.510291400000014, 47.2926647 ], [ -122.5082754, 47.2926512 ], [ -122.508275800000021, 47.2926256 ], [ -122.508277, 47.2925428 ], [ -122.50828460000001, 47.2920138 ] ] ] } },
{ "type": "Feature", "properties": { "name": null }, "geometry": { "type": "Polygon", "coordinates": [ [ [ -122.4811879, 47.2617863 ], [ -122.4810615, 47.2617848 ], [ -122.4810401, 47.2617251 ], [ -122.4810412, 47.2617182 ], [ -122.4810131, 47.2616509 ], [ -122.4809928, 47.2616095 ], [ -122.480981499999984, 47.2615797 ], [ -122.4809634, 47.2615315 ], [ -122.4809522, 47.2614817 ], [ -122.4809488, 47.261449599999985 ], [ -122.4809465, 47.26136 ], [ -122.480949900000013, 47.2613042 ], [ -122.4809668, 47.2612353 ], [ -122.480978100000016, 47.2611863 ], [ -122.4810074, 47.2611205 ], [ -122.481079599999987, 47.2610057 ], [ -122.4811202, 47.2610248 ], [ -122.4811833, 47.2610593 ], [ -122.481216, 47.2610799 ], [ -122.481243099999986, 47.2610952 ], [ -122.481295, 47.2611373 ], [ -122.481342399999988, 47.2611802 ], [ -122.4813694, 47.2612108 ], [ -122.4813954, 47.2612521 ], [ -122.481412299999988, 47.2612835 ], [ -122.4814247, 47.2613118 ], [ -122.481428100000016, 47.2613363 ], [ -122.4814275, 47.2613392 ], [ -122.481365, 47.2613463 ], [ -122.481368700000019, 47.261363 ], [ -122.481372099999987, 47.2613823 ], [ -122.4813725, 47.2613997 ], [ -122.4813719, 47.261426 ], [ -122.4813691, 47.2614423 ], [ -122.481431400000019, 47.261447299999986 ], [ -122.481425800000011, 47.2614794 ], [ -122.481411099999988, 47.2615169 ], [ -122.4813897, 47.2615644 ], [ -122.4813514, 47.2616118 ], [ -122.481289299999986, 47.2616754 ], [ -122.4812488, 47.2617151 ], [ -122.4812093, 47.2617634 ], [ -122.4811879, 47.2617863 ] ] ] } },
{ "type": "Feature", "properties": { "name": "Place of Circling Waters" }, "geometry": { "type": "Polygon", "coordinates": [ [ [ -122.356504300000012, 47.2616995 ], [ -122.3564207, 47.2608979 ], [ -122.355915, 47.2608978 ], [ -122.3558985, 47.2586245 ], [ -122.355837300000019, 47.2586377 ], [ -122.3556227, 47.258777499999987 ], [ -122.3555137, 47.2587818 ], [ -122.3553223, 47.2585561 ], [ -122.355193500000013, 47.2584804 ], [ -122.3549275, 47.2584105 ], [ -122.354807300000019, 47.2584047 ], [ -122.354738600000019, 47.2584629 ], [ -122.35467, 47.2586144 ], [ -122.3545498, 47.2586726 ], [ -122.3543781, 47.2586551 ], [ -122.3541464, 47.2586144 ], [ -122.353974799999989, 47.2585212 ], [ -122.3536572, 47.2582707 ], [ -122.353365700000012, 47.2582009 ], [ -122.3530478, 47.258119200000017 ], [ -122.3529362, 47.258026 ], [ -122.3529105, 47.2579037 ], [ -122.352953400000018, 47.2577813 ], [ -122.352962, 47.2576124 ], [ -122.3528759, 47.257410900000011 ], [ -122.350682, 47.257414 ], [ -122.350673, 47.2582949 ], [ -122.3495982, 47.2583194 ], [ -122.349578899999983, 47.25973590000001 ], [ -122.3506249, 47.2597244 ], [ -122.3510005, 47.25937840000001 ], [ -122.3517178, 47.2592708 ], [ -122.3517277, 47.2593602 ], [ -122.3522378, 47.25976210000001 ], [ -122.3524507, 47.2596658 ], [ -122.3528108, 47.2596617 ], [ -122.3530412, 47.2597262 ], [ -122.3530526, 47.259636 ], [ -122.353160599999981, 47.259592 ], [ -122.3532833, 47.2596373 ], [ -122.3533799, 47.2596231 ], [ -122.3535271, 47.2595775 ], [ -122.3534499, 47.2597347 ], [ -122.3535192, 47.2598255 ], [ -122.353766, 47.2599849 ], [ -122.353785800000011, 47.2603316 ], [ -122.353863499999989, 47.2605258 ], [ -122.3540908, 47.260606 ], [ -122.3544305, 47.2608106 ], [ -122.3553103, 47.2609089 ], [ -122.355626799999982, 47.2610654 ], [ -122.356188900000021, 47.2610679 ], [ -122.3562301, 47.261397 ], [ -122.3563415, 47.2614495 ], [ -122.356504300000012, 47.2616995 ] ] ] } },
{ "type": "Feature", "properties": { "name": null }, "geometry": { "type": "Polygon", "coordinates": [ [ [ -122.520995700000014, 47.2808203 ], [ -122.520565, 47.280799 ], [ -122.5205999, 47.2804742 ], [ -122.5210306, 47.2804955 ], [ -122.520995700000014, 47.2808203 ] ] ] } },
{ "type": "Feature", "properties": { "name": null }, "geometry": { "type": "Polygon", "coordinates": [ [ [ -122.5214331, 47.2733905 ], [ -122.5214249, 47.2741264 ], [ -122.5227714, 47.273818800000015 ], [ -122.5229511, 47.2739953 ], [ -122.5230718, 47.2739316 ], [ -122.5229001, 47.273412 ], [ -122.5214331, 47.2733905 ] ] ] } },
{ "type": "Feature", "properties": { "name": null }, "geometry": { "type": "Polygon", "coordinates": [ [ [ -122.5505537, 47.2470018 ], [ -122.5505464, 47.2473358 ], [ -122.550114, 47.2473315 ], [ -122.5501212, 47.2469974 ], [ -122.5505537, 47.2470018 ] ] ] } },
{ "type": "Feature", "properties": { "name": "Browns Point Athletic Complex" }, "geometry": { "type": "Polygon", "coordinates": [ [ [ -122.4279037, 47.3019026 ], [ -122.424874700000018, 47.3018815 ], [ -122.424872400000012, 47.3020361 ], [ -122.42262430000001, 47.3020204 ], [ -122.4226377, 47.3011387 ], [ -122.4279148, 47.3011755 ], [ -122.4279037, 47.3019026 ] ] ] } },
{ "type": "Feature", "properties": { "name": "Theater Square" }, "geometry": { "type": "Polygon", "coordinates": [ [ [ -122.4402742, 47.254477 ], [ -122.4402533, 47.2544792 ], [ -122.4402089, 47.2544009 ], [ -122.440200399999981, 47.2544036 ], [ -122.43986510000002, 47.2545211 ], [ -122.4397825, 47.2542137 ], [ -122.439648, 47.2537126 ], [ -122.440051100000019, 47.253674599999989 ], [ -122.4401003, 47.2536709 ], [ -122.4402742, 47.254477 ] ] ] } },
{ "type": "Feature", "properties": { "name": null }, "geometry": { "type": "Polygon", "coordinates": [ [ [ -122.4010965, 47.2180921 ], [ -122.4008109, 47.2179877 ], [ -122.4009933, 47.2176942 ], [ -122.4010893, 47.2173714 ], [ -122.401461400000017, 47.2174154 ], [ -122.4014951, 47.2174382 ], [ -122.4015023, 47.2174708 ], [ -122.4014206, 47.2177138 ], [ -122.4013126, 47.217916 ], [ -122.40116620000002, 47.2180774 ], [ -122.4011398, 47.2180921 ], [ -122.4010965, 47.2180921 ] ] ] } },
{ "type": "Feature", "properties": { "name": null }, "geometry": { "type": "Polygon", "coordinates": [ [ [ -122.40071, 47.2186545 ], [ -122.3994455, 47.2184504 ], [ -122.3994398, 47.2186796 ], [ -122.399448299999989, 47.218695 ], [ -122.3994739, 47.2187162 ], [ -122.400537, 47.2188606 ], [ -122.400571099999979, 47.2188587 ], [ -122.400607900000011, 47.218849 ], [ -122.40071, 47.2186545 ] ] ] } },
{ "type": "Feature", "properties": { "name": null }, "geometry": { "type": "Polygon", "coordinates": [ [ [ -122.3982283, 47.2197251 ], [ -122.3980944, 47.21900870000001 ], [ -122.3981078, 47.2189724 ], [ -122.3981848, 47.2189337 ], [ -122.39836889999998, 47.218911 ], [ -122.398482800000011, 47.2191861 ], [ -122.3984024, 47.2192521 ], [ -122.398486100000014, 47.2196978 ], [ -122.3982283, 47.2197251 ] ] ] } },
{ "type": "Feature", "properties": { "name": null }, "geometry": { "type": "Polygon", "coordinates": [ [ [ -122.3995922, 47.2207864 ], [ -122.3992033, 47.220825499999989 ], [ -122.3991121, 47.2204098 ], [ -122.399484200000018, 47.2203625 ], [ -122.3995922, 47.2207864 ] ] ] } },
{ "type": "Feature", "properties": { "name": null }, "geometry": { "type": "Polygon", "coordinates": [ [ [ -122.40045880000001, 47.2207848 ], [ -122.3997938, 47.2208418 ], [ -122.3997506, 47.2208386 ], [ -122.399717, 47.2208109 ], [ -122.399595300000016, 47.2203313 ], [ -122.3996035, 47.2202967 ], [ -122.3996278, 47.2202802 ], [ -122.3996827, 47.2202636 ], [ -122.4003312, 47.2202029 ], [ -122.4003678, 47.2202111 ], [ -122.4004044, 47.2202277 ], [ -122.4004165, 47.2202457 ], [ -122.400520200000017, 47.2207385 ], [ -122.400499900000014, 47.2207689 ], [ -122.40045880000001, 47.2207848 ] ] ] } },
{ "type": "Feature", "properties": { "name": null }, "geometry": { "type": "Polygon", "coordinates": [ [ [ -122.3986734, 47.2226221 ], [ -122.398230500000011, 47.2226221 ], [ -122.398187, 47.2222541 ], [ -122.3986061, 47.2222461 ], [ -122.3986734, 47.2226221 ] ] ] } },
{ "type": "Feature", "properties": { "name": null }, "geometry": { "type": "Polygon", "coordinates": [ [ [ -122.402343, 47.2229846 ], [ -122.4022678, 47.2227295 ], [ -122.402161100000015, 47.2226113 ], [ -122.401908, 47.222361600000013 ], [ -122.401686500000011, 47.2224636 ], [ -122.4019594, 47.222802 ], [ -122.4020503, 47.2230303 ], [ -122.402343, 47.2229846 ] ] ] } },
{ "type": "Feature", "properties": { "name": null }, "geometry": { "type": "Polygon", "coordinates": [ [ [ -122.40438730000001, 47.2214082 ], [ -122.4039484, 47.2213195 ], [ -122.4036953, 47.2213007 ], [ -122.4029559, 47.2213383 ], [ -122.4029005, 47.221341 ], [ -122.4028768, 47.2213759 ], [ -122.4028768, 47.2214189 ], [ -122.4031061, 47.2218352 ], [ -122.4032762, 47.2220527 ], [ -122.4033118, 47.2220742 ], [ -122.4033869, 47.2220742 ], [ -122.403707199999985, 47.2219184 ], [ -122.403881199999987, 47.221880799999987 ], [ -122.403950400000014, 47.221880799999987 ], [ -122.4041698, 47.2219023 ], [ -122.40438730000001, 47.2214082 ] ] ] } },
{ "type": "Feature", "properties": { "name": null }, "geometry": { "type": "Polygon", "coordinates": [ [ [ -122.4038219, 47.2226516 ], [ -122.403533199999984, 47.222866399999987 ], [ -122.4029361, 47.2223965 ], [ -122.402588300000019, 47.2218739 ], [ -122.40277, 47.2215344 ], [ -122.4029717, 47.2218782 ], [ -122.4032524, 47.2221951 ], [ -122.4038219, 47.2226516 ] ] ] } },
{ "type": "Feature", "properties": { "name": null }, "geometry": { "type": "Polygon", "coordinates": [ [ [ -122.402509, 47.2207314 ], [ -122.4024655, 47.2203124 ], [ -122.402509, 47.2198559 ], [ -122.4022204, 47.2198881 ], [ -122.402101700000017, 47.2202345 ], [ -122.402165, 47.2207609 ], [ -122.402509, 47.2207314 ] ] ] } },
{ "type": "Feature", "properties": { "name": null }, "geometry": { "type": "Polygon", "coordinates": [ [ [ -122.404761199999982, 47.2179783 ], [ -122.404564900000011, 47.217930299999985 ], [ -122.4045821, 47.2178941 ], [ -122.4040882, 47.2177819 ], [ -122.404074400000013, 47.217819299999988 ], [ -122.4040382, 47.2178111 ], [ -122.4040262, 47.217799399999983 ], [ -122.4041484, 47.2175633 ], [ -122.4041759, 47.2175527 ], [ -122.40420690000002, 47.2175481 ], [ -122.404237900000012, 47.217548100000016 ], [ -122.4048455, 47.2176837 ], [ -122.4048696, 47.2177024 ], [ -122.404879900000012, 47.2177187 ], [ -122.4048816, 47.2177515 ], [ -122.4048128, 47.2179479 ], [ -122.404780099999982, 47.2179783 ], [ -122.404761199999982, 47.2179783 ] ] ] } },
{ "type": "Feature", "properties": { "name": null }, "geometry": { "type": "Polygon", "coordinates": [ [ [ -122.4062466, 47.2203865 ], [ -122.4062398, 47.2198791 ], [ -122.4065186, 47.219873299999989 ], [ -122.406566799999979, 47.2198791 ], [ -122.4065926, 47.2198932 ], [ -122.4066064, 47.2199224 ], [ -122.406615, 47.2203421 ], [ -122.406601200000011, 47.2203573 ], [ -122.4065788, 47.2203678 ], [ -122.4065341, 47.220377199999987 ], [ -122.4062466, 47.2203865 ] ] ] } },
{ "type": "Feature", "properties": { "name": null }, "geometry": { "type": "Polygon", "coordinates": [ [ [ -122.4066811, 47.2210379 ], [ -122.405923799999982, 47.2217474 ], [ -122.405719, 47.2217299 ], [ -122.4058825, 47.2210858 ], [ -122.4059083, 47.22106010000001 ], [ -122.405953100000019, 47.2210531 ], [ -122.4066811, 47.2210379 ] ] ] } },
{ "type": "Feature", "properties": { "name": null }, "geometry": { "type": "Polygon", "coordinates": [ [ [ -122.4061267, 47.2161868 ], [ -122.4061197, 47.2159181 ], [ -122.4060892, 47.2158878 ], [ -122.4059998, 47.2158822 ], [ -122.4057274, 47.2158698 ], [ -122.4053086, 47.2158173 ], [ -122.4051054, 47.2157718 ], [ -122.4049041, 47.2162039 ], [ -122.4051562, 47.2162605 ], [ -122.4049997, 47.2165394 ], [ -122.4050282, 47.216638 ], [ -122.405260699999985, 47.216597 ], [ -122.4054982, 47.2161053 ], [ -122.4055111, 47.2160884 ], [ -122.4055317, 47.2160755 ], [ -122.4055574, 47.216068 ], [ -122.405585300000013, 47.2160669 ], [ -122.4056122, 47.2160722 ], [ -122.4061267, 47.2161868 ] ] ] } },
{ "type": "Feature", "properties": { "name": null }, "geometry": { "type": "Polygon", "coordinates": [ [ [ -122.40661320000001, 47.2133092 ], [ -122.4057716, 47.2132391 ], [ -122.4057423, 47.2133654 ], [ -122.4057492, 47.2133852 ], [ -122.405763, 47.2134051 ], [ -122.4057905, 47.2134238 ], [ -122.406133, 47.2134753 ], [ -122.406301700000014, 47.2134916 ], [ -122.406535799999986, 47.2134987 ], [ -122.4065602, 47.213490299999989 ], [ -122.406570200000019, 47.213487 ], [ -122.4066029, 47.2134647 ], [ -122.40661320000001, 47.2133092 ] ] ] } },
{ "type": "Feature", "properties": { "name": null }, "geometry": { "type": "Polygon", "coordinates": [ [ [ -122.4066046, 47.2138015 ], [ -122.4060556, 47.2137594 ], [ -122.4056046, 47.2136799 ], [ -122.4056838, 47.2135337 ], [ -122.40570959999998, 47.2135209 ], [ -122.405744, 47.213515 ], [ -122.405775, 47.2135139 ], [ -122.4060384, 47.2135571 ], [ -122.4063189, 47.2135828 ], [ -122.406551300000018, 47.213587499999988 ], [ -122.4065737, 47.213598 ], [ -122.4065909, 47.2136086 ], [ -122.4066064, 47.2136331 ], [ -122.4066046, 47.2138015 ] ] ] } },
{ "type": "Feature", "properties": { "name": null }, "geometry": { "type": "Polygon", "coordinates": [ [ [ -122.405678600000016, 47.2130438 ], [ -122.4056545, 47.2130438 ], [ -122.405464, 47.2133946 ], [ -122.4053826, 47.2135384 ], [ -122.4053964, 47.2135875 ], [ -122.4053499, 47.2136483 ], [ -122.405150800000015, 47.2139502 ], [ -122.4050579, 47.213999300000012 ], [ -122.4050166, 47.2140811 ], [ -122.40503720000001, 47.214116199999985 ], [ -122.405104300000019, 47.2141653 ], [ -122.405092300000021, 47.2142355 ], [ -122.40502, 47.2143337 ], [ -122.405001100000021, 47.2144541 ], [ -122.4049357, 47.2145687 ], [ -122.404994200000019, 47.214578 ], [ -122.405545, 47.2135726 ], [ -122.4056069, 47.2134404 ], [ -122.4056637, 47.213216 ], [ -122.405678600000016, 47.2130438 ] ] ] } },
{ "type": "Feature", "properties": { "name": null }, "geometry": { "type": "Polygon", "coordinates": [ [ [ -122.4059446, 47.214719100000011 ], [ -122.4061425, 47.2143484 ], [ -122.4062217, 47.214309900000011 ], [ -122.406282, 47.2142935 ], [ -122.4066004, 47.2142877 ], [ -122.406598700000018, 47.2146933 ], [ -122.406591800000015, 47.2147156 ], [ -122.406557400000011, 47.2147331 ], [ -122.4065057, 47.2147424 ], [ -122.4062166, 47.2147448 ], [ -122.4059446, 47.214719100000011 ] ] ] } },
{ "type": "Feature", "properties": { "name": "Wapato Park" }, "geometry": { "type": "Polygon", "coordinates": [ [ [ -122.452628500000017, 47.1920246 ], [ -122.457541100000014, 47.1920351 ], [ -122.457546800000017, 47.1921259 ], [ -122.4577816, 47.1921239 ], [ -122.458191099999979, 47.1944924 ], [ -122.4582696, 47.1950483 ], [ -122.458469400000013, 47.1958029 ], [ -122.4589241, 47.1972235 ], [ -122.4593318, 47.1986724 ], [ -122.4593492, 47.1988455 ], [ -122.459468500000014, 47.199210799999989 ], [ -122.4595019, 47.1993974 ], [ -122.458882299999985, 47.1994026 ], [ -122.4590501, 47.200516599999986 ], [ -122.4591176, 47.2005192 ], [ -122.4591327, 47.2005909 ], [ -122.45877, 47.2006079 ], [ -122.458733400000014, 47.200595499999984 ], [ -122.458632, 47.2005935 ], [ -122.458585200000016, 47.200604 ], [ -122.458541, 47.200618 ], [ -122.458513, 47.2006315 ], [ -122.4584458, 47.2006953 ], [ -122.4581764, 47.2006645 ], [ -122.457785900000019, 47.1992732 ], [ -122.4577734, 47.1992136 ], [ -122.4569732, 47.1992083 ], [ -122.4564849, 47.1992082 ], [ -122.455198800000019, 47.1992079 ], [ -122.453568500000017, 47.1992068 ], [ -122.4525404, 47.1992061 ], [ -122.452550599999981, 47.1937626 ], [ -122.4536951, 47.1937588 ], [ -122.4536888, 47.192883 ], [ -122.4536884, 47.1928292 ], [ -122.4525942, 47.1928328 ], [ -122.452628500000017, 47.1920246 ] ] ] } },
{ "type": "Feature", "properties": { "name": null }, "geometry": { "type": "Polygon", "coordinates": [ [ [ -122.41864, 47.217304599999977 ], [ -122.4186329, 47.21763030000001 ], [ -122.418214800000015, 47.2176261 ], [ -122.41822190000002, 47.2173004 ], [ -122.41864, 47.217304599999977 ] ] ] } },
{ "type": "Feature", "properties": { "name": "Wapato Hills Park" }, "geometry": { "type": "Polygon", "coordinates": [ [ [ -122.4697889, 47.2062096 ], [ -122.464165099999988, 47.2062277 ], [ -122.4641115, 47.2061548 ], [ -122.464095400000019, 47.2046023 ], [ -122.4639827, 47.2043253 ], [ -122.463328200000021, 47.2033777 ], [ -122.4631512, 47.2030279 ], [ -122.4631298, 47.2027144 ], [ -122.4631244, 47.2016064 ], [ -122.4642006, 47.2016269 ], [ -122.4639615, 47.2009445 ], [ -122.463993700000017, 47.2008974 ], [ -122.4643735, 47.2003211 ], [ -122.464488599999981, 47.2002783 ], [ -122.4641688, 47.1993177 ], [ -122.4677634, 47.1993108 ], [ -122.4681254, 47.1993228 ], [ -122.468163700000019, 47.2011205 ], [ -122.4682978, 47.201124 ], [ -122.46832520000001, 47.2013203 ], [ -122.4683641, 47.2015089 ], [ -122.4684298, 47.2016784 ], [ -122.468474, 47.2017659 ], [ -122.4687409, 47.2021076 ], [ -122.46896790000001, 47.2021003 ], [ -122.4693515, 47.2027209 ], [ -122.46950529999998, 47.2027228 ], [ -122.4695606, 47.2028858 ], [ -122.469715, 47.2029531 ], [ -122.470801699999981, 47.2040985 ], [ -122.4708249, 47.2047098 ], [ -122.4706506, 47.2047086 ], [ -122.469953799999985, 47.2057963 ], [ -122.4701201, 47.2057915 ], [ -122.4697889, 47.2062096 ] ] ] } },
{ "type": "Feature", "properties": { "name": "Laura Vaughn Playfield" }, "geometry": { "type": "Polygon", "coordinates": [ [ [ -122.468018, 47.2009459 ], [ -122.4680101, 47.20005720000001 ], [ -122.467926700000021, 47.2000576 ], [ -122.4679257, 47.1999481 ], [ -122.4679068, 47.1999207 ], [ -122.4678585, 47.1999071 ], [ -122.4677619, 47.1999016 ], [ -122.4677325, 47.1998909 ], [ -122.4677251, 47.1998759 ], [ -122.467725700000017, 47.1998478 ], [ -122.4677505, 47.1998196 ], [ -122.4678069, 47.1997859 ], [ -122.4678283, 47.1997763 ], [ -122.467825, 47.1997681 ], [ -122.4677807, 47.1997572 ], [ -122.4676479, 47.1997453 ], [ -122.4676064, 47.1997394 ], [ -122.4675299, 47.199664699999985 ], [ -122.467432, 47.1996091 ], [ -122.4673113, 47.1995827 ], [ -122.4672309, 47.1996282 ], [ -122.467149100000015, 47.1996857 ], [ -122.4670833, 47.1997039 ], [ -122.466968, 47.1997139 ], [ -122.46683520000002, 47.199684700000013 ], [ -122.4667427, 47.1995945 ], [ -122.466713199999987, 47.1995298 ], [ -122.466713199999987, 47.1994624 ], [ -122.466732, 47.1994387 ], [ -122.4666924, 47.1994708 ], [ -122.4666582, 47.1995371 ], [ -122.466642099999987, 47.1996401 ], [ -122.4666408, 47.1998223 ], [ -122.466715900000011, 47.2000848 ], [ -122.4669117, 47.2003836 ], [ -122.46710880000002, 47.2005604 ], [ -122.467320700000016, 47.2007144 ], [ -122.4675809, 47.2008447 ], [ -122.4678719, 47.2009395 ], [ -122.468018, 47.2009459 ] ] ] } },
{ "type": "Feature", "properties": { "name": "Alderwood Park" }, "geometry": { "type": "Polygon", "coordinates": [ [ [ -122.384559800000019, 47.2865263 ], [ -122.3845236, 47.2865745 ], [ -122.3845451, 47.2866346 ], [ -122.3846148, 47.286701 ], [ -122.3847502, 47.2868611 ], [ -122.385159300000012, 47.287396 ], [ -122.385226299999985, 47.287457 ], [ -122.3861438, 47.28745940000001 ], [ -122.386580899999984, 47.2874606 ], [ -122.386583500000015, 47.288383 ], [ -122.3868705, 47.2884558 ], [ -122.387136100000021, 47.2884986 ], [ -122.387639, 47.2885449 ], [ -122.3876317, 47.287548 ], [ -122.38763, 47.2873178 ], [ -122.3876242, 47.2865318 ], [ -122.384886, 47.2865269 ], [ -122.384559800000019, 47.2865263 ] ] ] } },
{ "type": "Feature", "properties": { "name": "Central Green" }, "geometry": { "type": "Polygon", "coordinates": [ [ [ -122.449775, 47.2606741 ], [ -122.450011100000012, 47.260555800000013 ], [ -122.4500728, 47.2604247 ], [ -122.450129099999984, 47.2602554 ], [ -122.450129099999984, 47.2600989 ], [ -122.450051300000013, 47.2599533 ], [ -122.4498957, 47.259763899999989 ], [ -122.449697300000011, 47.2596201 ], [ -122.4494559, 47.2595364 ], [ -122.4492842, 47.2595127 ], [ -122.449168900000018, 47.2595291 ], [ -122.4491233, 47.2595619 ], [ -122.4491313, 47.2596511 ], [ -122.4493378, 47.260614 ], [ -122.4494585, 47.2606723 ], [ -122.44959, 47.26069780000001 ], [ -122.449775, 47.2606741 ] ] ] } },
{ "type": "Feature", "properties": { "name": "Ruston Way" }, "geometry": { "type": "Polygon", "coordinates": [ [ [ -122.499800799999988, 47.2954964 ], [ -122.5001979, 47.29520609999998 ], [ -122.499025800000013, 47.2945976 ], [ -122.498408900000015, 47.2942592 ], [ -122.4977034, 47.2938663 ], [ -122.4969645, 47.293477 ], [ -122.496255, 47.2931077 ], [ -122.495671200000018, 47.292777 ], [ -122.4950789, 47.2923664 ], [ -122.493910799999981, 47.2914458 ], [ -122.4933153, 47.2909737 ], [ -122.4929345, 47.2906817 ], [ -122.4925093, 47.2902851 ], [ -122.491958100000019, 47.2897275 ], [ -122.491669500000015, 47.2898512 ], [ -122.491535700000014, 47.2899229 ], [ -122.4914843, 47.2899769 ], [ -122.4914925, 47.2900482 ], [ -122.491655, 47.2901722 ], [ -122.491989099999984, 47.2903943 ], [ -122.49254430000002, 47.290717799999989 ], [ -122.493001, 47.290991399999989 ], [ -122.493414, 47.2912639 ], [ -122.4936561, 47.2914886 ], [ -122.493953500000018, 47.291739 ], [ -122.4942395, 47.2919616 ], [ -122.4944245, 47.2921131 ], [ -122.4946052, 47.2922378 ], [ -122.4948528, 47.2924317 ], [ -122.4950207, 47.2925723 ], [ -122.4952039, 47.2926846 ], [ -122.495429, 47.292825 ], [ -122.495729, 47.293003699999986 ], [ -122.49595170000002, 47.2931851 ], [ -122.495953, 47.293253 ], [ -122.49597, 47.2933332 ], [ -122.4961052, 47.293355199999986 ], [ -122.496322699999979, 47.2933958 ], [ -122.496675100000019, 47.2935409 ], [ -122.4970396, 47.2937787 ], [ -122.4974127, 47.2940608 ], [ -122.4976579, 47.2942747 ], [ -122.4977695, 47.2943831 ], [ -122.4978094, 47.294502099999988 ], [ -122.4978933, 47.2945625 ], [ -122.4980431, 47.2946155 ], [ -122.4981727, 47.2945828 ], [ -122.498376800000017, 47.2946585 ], [ -122.4986416, 47.2947325 ], [ -122.498956, 47.2948803 ], [ -122.4991804, 47.2949549 ], [ -122.499516, 47.2951528 ], [ -122.4996944, 47.2952979 ], [ -122.499814200000017, 47.2954819 ], [ -122.499800799999988, 47.2954964 ] ] ] } },
{ "type": "Feature", "properties": { "name": "Puget Park" }, "geometry": { "type": "Polygon", "coordinates": [ [ [ -122.4886454, 47.2771987 ], [ -122.4886472, 47.2759426 ], [ -122.484012800000016, 47.2758829 ], [ -122.483981699999987, 47.2771424 ], [ -122.4850718, 47.2771556 ], [ -122.487166799999983, 47.2771809 ], [ -122.4881216, 47.2771924 ], [ -122.4886454, 47.2771987 ] ] ] } },
{ "type": "Feature", "properties": { "name": "People's Park" }, "geometry": { "type": "Polygon", "coordinates": [ [ [ -122.4527007, 47.253017299999989 ], [ -122.4527556, 47.2532722 ], [ -122.452136100000018, 47.2533445 ], [ -122.4522762, 47.2539449 ], [ -122.4522928, 47.253964099999983 ], [ -122.452299, 47.253971300000011 ], [ -122.452331199999989, 47.2539795 ], [ -122.4535207, 47.2538629 ], [ -122.4535543, 47.25382650000001 ], [ -122.4533665, 47.2529854 ], [ -122.453337, 47.2529581 ], [ -122.4532914, 47.2529481 ], [ -122.453265499999986, 47.2529511 ], [ -122.4527007, 47.253017299999989 ] ] ] } },
{ "type": "Feature", "properties": { "name": "Norpoint Park" }, "geometry": { "type": "Polygon", "coordinates": [ [ [ -122.402649899999986, 47.3002508 ], [ -122.4026379, 47.3009115 ], [ -122.402680799999985, 47.3009315 ], [ -122.406702800000019, 47.3009297 ], [ -122.406732299999987, 47.3009051 ], [ -122.4067095, 47.3006087 ], [ -122.4065392, 47.3001412 ], [ -122.4064627, 47.2998856 ], [ -122.4064158, 47.2996046 ], [ -122.406407699999988, 47.2994618 ], [ -122.406390299999984, 47.2977758 ], [ -122.4037625, 47.2977792 ], [ -122.403751, 47.2987369 ], [ -122.4036759, 47.2993772 ], [ -122.4036719, 47.2997437 ], [ -122.4036357, 47.2997437 ], [ -122.4036062, 47.3002731 ], [ -122.402649899999986, 47.3002508 ] ] ] } },
{ "type": "Feature", "properties": { "name": "Edna Travis Park" }, "geometry": { "type": "Polygon", "coordinates": [ [ [ -122.44631080000002, 47.240206 ], [ -122.4462453, 47.2401451 ], [ -122.4460889, 47.2394124 ], [ -122.446615400000013, 47.2393575 ], [ -122.446642199999985, 47.2394031 ], [ -122.446710899999985, 47.2394264 ], [ -122.4467254, 47.2394313 ], [ -122.4468099, 47.2394386 ], [ -122.4468742, 47.2394204 ], [ -122.446926500000018, 47.2393794 ], [ -122.447247600000011, 47.2393437 ], [ -122.4472964, 47.2395623 ], [ -122.4474302, 47.2401127 ], [ -122.4474731, 47.2402892 ], [ -122.4468678, 47.2403571 ], [ -122.4468415, 47.2402486 ], [ -122.4468226, 47.2402507 ], [ -122.446554800000015, 47.2402807 ], [ -122.4465401, 47.2402823 ], [ -122.4465427, 47.2402932 ], [ -122.4463376, 47.2403162 ], [ -122.44631080000002, 47.240206 ] ] ] } },
{ "type": "Feature", "properties": { "name": "Julia's Gulch" }, "geometry": { "type": "Polygon", "coordinates": [ [ [ -122.3709959, 47.2719971 ], [ -122.3664952, 47.271891599999982 ], [ -122.366055300000014, 47.2784647 ], [ -122.3668492, 47.2784647 ], [ -122.3669672, 47.2779407 ], [ -122.367782800000015, 47.2760726 ], [ -122.3684263, 47.275029 ], [ -122.3707008, 47.2722009 ], [ -122.3709959, 47.2719971 ] ] ] } },
{ "type": "Feature", "properties": { "name": "Little Marsh" }, "geometry": { "type": "Polygon", "coordinates": [ [ [ -122.398497, 47.2639356 ], [ -122.3984321, 47.263895 ], [ -122.397166900000016, 47.264826499999984 ], [ -122.3968211, 47.2648036 ], [ -122.396905, 47.265106 ], [ -122.398497, 47.2639356 ] ] ] } },
{ "type": "Feature", "properties": { "name": "McCormick Park" }, "geometry": { "type": "Polygon", "coordinates": [ [ [ -122.443869600000014, 47.253978 ], [ -122.4433739, 47.2540337 ], [ -122.4432727, 47.2536185 ], [ -122.4437684, 47.2535628 ], [ -122.443869600000014, 47.253978 ] ] ] } },
{ "type": "Feature", "properties": { "name": "Madrona Park" }, "geometry": { "type": "Polygon", "coordinates": [ [ [ -122.3541677, 47.2824229 ], [ -122.35415740000002, 47.27896770000001 ], [ -122.3549041, 47.2789658 ], [ -122.3549269, 47.277111299999987 ], [ -122.3542881, 47.2766727 ], [ -122.3542911, 47.2764259 ], [ -122.355785, 47.2774516 ], [ -122.355784, 47.2775332 ], [ -122.355654900000019, 47.2774442 ], [ -122.3557631, 47.2789636 ], [ -122.355710700000017, 47.2789637 ], [ -122.355569799999984, 47.278964099999982 ], [ -122.3556274, 47.2824842 ], [ -122.3542527, 47.2824914 ], [ -122.3542208, 47.2824839 ], [ -122.354192800000021, 47.2824667 ], [ -122.354171600000015, 47.2824417 ], [ -122.3541677, 47.2824229 ] ] ] } },
{ "type": "Feature", "properties": { "name": "Cambria Legacy Lawn" }, "geometry": { "type": "Polygon", "coordinates": [ [ [ -122.510096, 47.306659 ], [ -122.5100786, 47.3065248 ], [ -122.5100503, 47.3063922 ], [ -122.5099979, 47.3062484 ], [ -122.509918, 47.306082 ], [ -122.50983650000002, 47.3059574 ], [ -122.5097492, 47.3058451 ], [ -122.5096926, 47.3057808 ], [ -122.509483, 47.3060471 ], [ -122.5094722, 47.3060657 ], [ -122.5094747, 47.3060826 ], [ -122.509508, 47.3061446 ], [ -122.509546199999988, 47.3061401 ], [ -122.5095712, 47.3061429 ], [ -122.509590300000013, 47.306152 ], [ -122.50960950000001, 47.3061649 ], [ -122.5096519, 47.3062648 ], [ -122.5096843, 47.3063584 ], [ -122.5096843, 47.3063855 ], [ -122.5096644, 47.3064052 ], [ -122.509643600000018, 47.3064148 ], [ -122.5096145, 47.3064215 ], [ -122.509626899999986, 47.3064842 ], [ -122.5096402, 47.3065022 ], [ -122.509660200000013, 47.306518 ], [ -122.509763300000017, 47.3065552 ], [ -122.509915800000016, 47.306609899999984 ], [ -122.510077200000012, 47.3066604 ], [ -122.510096, 47.306659 ] ] ] } },
{ "type": "Feature", "properties": { "name": null }, "geometry": { "type": "Polygon", "coordinates": [ [ [ -122.5096443, 47.3057514 ], [ -122.5095282, 47.3058639 ], [ -122.5094041, 47.3059964 ], [ -122.509380599999986, 47.3060119 ], [ -122.5093027, 47.305900800000011 ], [ -122.5092227, 47.3058047 ], [ -122.5091624, 47.3057424 ], [ -122.5093718, 47.3055187 ], [ -122.509390100000019, 47.3055093 ], [ -122.5094107, 47.305508799999984 ], [ -122.50942910000002, 47.3055187 ], [ -122.5095473, 47.3056119 ], [ -122.5096421, 47.3056981 ], [ -122.50965530000002, 47.3057155 ], [ -122.5096531, 47.3057359 ], [ -122.5096443, 47.3057514 ] ] ] } },
{ "type": "Feature", "properties": { "name": null }, "geometry": { "type": "Polygon", "coordinates": [ [ [ -122.3901599, 47.291147100000011 ], [ -122.389847500000016, 47.2915358 ], [ -122.3892362, 47.291495500000011 ], [ -122.3886344, 47.2914058 ], [ -122.3886497, 47.2910652 ], [ -122.388661200000016, 47.290969 ], [ -122.3887475, 47.2907389 ], [ -122.388782, 47.2906739 ], [ -122.3888299, 47.290653099999986 ], [ -122.3888912, 47.2906505 ], [ -122.3901599, 47.291147100000011 ] ] ] } },
{ "type": "Feature", "properties": { "name": null }, "geometry": { "type": "Polygon", "coordinates": [ [ [ -122.474990500000018, 47.1855865 ], [ -122.4749583, 47.1856138 ], [ -122.474942200000015, 47.186029499999989 ], [ -122.4752775, 47.1860313 ], [ -122.475313699999987, 47.1860185 ], [ -122.4753432, 47.1859875 ], [ -122.475345899999979, 47.1859638 ], [ -122.4753526, 47.1856448 ], [ -122.475345899999979, 47.185616599999989 ], [ -122.475311, 47.1855938 ], [ -122.4752614, 47.1855847 ], [ -122.474990500000018, 47.1855865 ] ] ] } },
{ "type": "Feature", "properties": { "name": "Chinese Reconciliation Park" }, "geometry": { "type": "Polygon", "coordinates": [ [ [ -122.4602691, 47.2745078 ], [ -122.4593894, 47.2741984 ], [ -122.457742199999984, 47.273703 ], [ -122.4575406, 47.2740892 ], [ -122.457469799999984, 47.2742298 ], [ -122.4594791, 47.2750861 ], [ -122.4612926, 47.2757588 ], [ -122.461282400000016, 47.2748097 ], [ -122.4602691, 47.2745078 ] ] ] } },
{ "type": "Feature", "properties": { "name": null }, "geometry": { "type": "Polygon", "coordinates": [ [ [ -122.4441313, 47.215138 ], [ -122.444158, 47.2151157 ], [ -122.4441704, 47.2150968 ], [ -122.4441704, 47.21507660000001 ], [ -122.4441591, 47.2150606 ], [ -122.443790400000012, 47.2147362 ], [ -122.4437585, 47.2147222 ], [ -122.443713300000013, 47.2147145 ], [ -122.443663, 47.214725 ], [ -122.4436404, 47.2147425 ], [ -122.443599299999988, 47.2147808 ], [ -122.443565400000011, 47.214838 ], [ -122.443547, 47.2149217 ], [ -122.4435398, 47.215101 ], [ -122.4435572, 47.2151233 ], [ -122.44359110000002, 47.215138 ], [ -122.4436117, 47.215145 ], [ -122.4440933, 47.215145 ], [ -122.4441313, 47.215138 ] ] ] } },
{ "type": "Feature", "properties": { "name": null }, "geometry": { "type": "Polygon", "coordinates": [ [ [ -122.4871297, 47.1981352 ], [ -122.4874832, 47.1980727 ], [ -122.4876845, 47.1980826 ], [ -122.487932, 47.1981599 ], [ -122.4881301, 47.1980076 ], [ -122.4883717, 47.1979611 ], [ -122.488359099999983, 47.1978794 ], [ -122.4887396, 47.1978019 ], [ -122.488713300000015, 47.197743 ], [ -122.4887873, 47.197718 ], [ -122.488813, 47.1975474 ], [ -122.488867, 47.1974984 ], [ -122.488656, 47.1974963 ], [ -122.4886382, 47.197516899999989 ], [ -122.488712799999988, 47.197542099999986 ], [ -122.4883319, 47.1975926 ], [ -122.488235799999984, 47.1976241 ], [ -122.487821, 47.1975583 ], [ -122.4877693, 47.1974912 ], [ -122.4870998, 47.1974908 ], [ -122.4869683, 47.1975426 ], [ -122.4868102, 47.1979342 ], [ -122.4870024, 47.1980637 ], [ -122.4871297, 47.1981352 ] ] ] } },
{ "type": "Feature", "properties": { "name": null }, "geometry": { "type": "Polygon", "coordinates": [ [ [ -122.421840300000014, 47.2237565 ], [ -122.4216127, 47.2237519 ], [ -122.42158550000002, 47.223743 ], [ -122.421274400000016, 47.2237407 ], [ -122.4212736, 47.2237653 ], [ -122.421006599999984, 47.2237639 ], [ -122.4210076, 47.2232543 ], [ -122.421832800000018, 47.223259099999986 ], [ -122.421840300000014, 47.2237565 ] ] ] } },
{ "type": "Feature", "properties": { "name": null }, "geometry": { "type": "Polygon", "coordinates": [ [ [ -122.470803900000021, 47.2588972 ], [ -122.4708516, 47.2588793 ], [ -122.4708783, 47.2588563 ], [ -122.4709068, 47.2588104 ], [ -122.4709103, 47.2587532 ], [ -122.470892, 47.258713799999988 ], [ -122.470858300000017, 47.25868830000001 ], [ -122.4708185, 47.2586671 ], [ -122.470775500000016, 47.2586588 ], [ -122.470452499999979, 47.2586576 ], [ -122.470424, 47.2586637 ], [ -122.4703842, 47.258679 ], [ -122.4703441, 47.258705799999987 ], [ -122.4703199, 47.2587293 ], [ -122.470309, 47.2587569 ], [ -122.470310500000011, 47.2587925 ], [ -122.4703205, 47.258824 ], [ -122.470346, 47.2588487 ], [ -122.47037880000002, 47.258867699999989 ], [ -122.470414600000012, 47.2588833 ], [ -122.470446400000014, 47.2588879 ], [ -122.470482100000012, 47.2588857 ], [ -122.4705239, 47.2588808 ], [ -122.4705725, 47.2588805 ], [ -122.4706125, 47.2588848 ], [ -122.4706532, 47.2588959 ], [ -122.470704600000019, 47.2589034 ], [ -122.47076509999998, 47.258905 ], [ -122.470803900000021, 47.2588972 ] ] ] } },
{ "type": "Feature", "properties": { "name": "Melanie’s Park" }, "geometry": { "type": "Polygon", "coordinates": [ [ [ -122.4349465, 47.2519142 ], [ -122.434821, 47.2519568 ], [ -122.4346469, 47.25196960000001 ], [ -122.434407100000016, 47.2519824 ], [ -122.4343943, 47.2519574 ], [ -122.434409, 47.2518314 ], [ -122.4343308, 47.2517866 ], [ -122.4342722, 47.2516689 ], [ -122.4342087, 47.2515793 ], [ -122.434235500000014, 47.2514832 ], [ -122.4342186, 47.2513323 ], [ -122.434216, 47.25132 ], [ -122.4348084, 47.2512669 ], [ -122.4348204, 47.2513432 ], [ -122.4348351, 47.2514598 ], [ -122.4348539, 47.251569 ], [ -122.4349465, 47.2519142 ] ] ] } },
{ "type": "Feature", "properties": { "name": "Alexander Avenue Wetland" }, "geometry": { "type": "Polygon", "coordinates": [ [ [ -122.3746532, 47.259091799999986 ], [ -122.3734301, 47.2583928 ], [ -122.369986, 47.2583779 ], [ -122.3699978, 47.2575198 ], [ -122.3718682, 47.2575303 ], [ -122.37206740000002, 47.2575373 ], [ -122.3721229, 47.2575122 ], [ -122.372196800000012, 47.2574244 ], [ -122.372227600000016, 47.2573073 ], [ -122.3722584, 47.2572446 ], [ -122.3723632, 47.2571944 ], [ -122.3724618, 47.2571609 ], [ -122.3725357, 47.2571567 ], [ -122.3726097, 47.2571107 ], [ -122.3726343, 47.2570689 ], [ -122.3726343, 47.2570104 ], [ -122.3726959, 47.2569769 ], [ -122.3727421, 47.2569769 ], [ -122.3727668, 47.2570041 ], [ -122.37276989999998, 47.2570647 ], [ -122.37276989999998, 47.2570961 ], [ -122.372834600000019, 47.25714 ], [ -122.3729332, 47.2571756 ], [ -122.373004, 47.257190199999989 ], [ -122.373062600000011, 47.2572257 ], [ -122.3731088, 47.2572278 ], [ -122.3731458, 47.2572571 ], [ -122.37316730000002, 47.2572341 ], [ -122.373118, 47.2571881 ], [ -122.37314880000001, 47.25714210000001 ], [ -122.3731735, 47.257037499999988 ], [ -122.3734323, 47.2570647 ], [ -122.37395960000002, 47.2579017 ], [ -122.3750931, 47.2588151 ], [ -122.3746532, 47.259091799999986 ] ] ] } },
{ "type": "Feature", "properties": { "name": null }, "geometry": { "type": "Polygon", "coordinates": [ [ [ -122.4018577, 47.2230131 ], [ -122.398920500000017, 47.223006 ], [ -122.398858799999985, 47.2226232 ], [ -122.4012279, 47.2226309 ], [ -122.401321399999986, 47.2227312 ], [ -122.401682500000021, 47.2227353 ], [ -122.4018577, 47.2230131 ] ] ] } },
{ "type": "Feature", "properties": { "name": "Inner Hylebos Public Access Site" }, "geometry": { "type": "Polygon", "coordinates": [ [ [ -122.3922835, 47.27932220000001 ], [ -122.3938397, 47.278169 ], [ -122.3942127, 47.2783064 ], [ -122.395411, 47.278627 ], [ -122.3960449, 47.2788141 ], [ -122.3963341, 47.278922799999989 ], [ -122.3963293, 47.2790019 ], [ -122.396324100000015, 47.2790798 ], [ -122.396268399999983, 47.2792316 ], [ -122.396091900000016, 47.2793889 ], [ -122.3959406, 47.2793393 ], [ -122.3958703, 47.2793074 ], [ -122.3959655, 47.2790659 ], [ -122.396000700000016, 47.27896350000001 ], [ -122.395992699999979, 47.2789568 ], [ -122.395957200000012, 47.278927 ], [ -122.395862, 47.2788942 ], [ -122.39551520000002, 47.2788259 ], [ -122.395262, 47.2787965 ], [ -122.3949943, 47.2787073 ], [ -122.3947476, 47.2786067 ], [ -122.3944257, 47.2785295 ], [ -122.3941178, 47.2785038 ], [ -122.393920399999985, 47.2785679 ], [ -122.3937546, 47.2786385 ], [ -122.3936135, 47.2787504 ], [ -122.393517, 47.2788532 ], [ -122.393575, 47.278919 ], [ -122.3932034, 47.2791071 ], [ -122.3931632, 47.2793387 ], [ -122.3929676, 47.2794763 ], [ -122.3927378, 47.2796177 ], [ -122.3922835, 47.27932220000001 ] ] ] } },
{ "type": "Feature", "properties": { "name": null }, "geometry": { "type": "Polygon", "coordinates": [ [ [ -122.4042526, 47.2065713 ], [ -122.403841, 47.206631 ], [ -122.4028458, 47.2065227 ], [ -122.4027913, 47.2064543 ], [ -122.4027549, 47.20636780000001 ], [ -122.4040745, 47.2063565 ], [ -122.4042526, 47.2065713 ] ] ] } },
{ "type": "Feature", "properties": { "name": null }, "geometry": { "type": "Polygon", "coordinates": [ [ [ -122.4576222, 47.1739462 ], [ -122.456768, 47.1739509 ], [ -122.45672380000002, 47.1739661 ], [ -122.456708500000019, 47.1739953 ], [ -122.456714, 47.1743992 ], [ -122.456714, 47.174428 ], [ -122.456764, 47.174458100000017 ], [ -122.4575841, 47.17446 ], [ -122.457633, 47.1744448 ], [ -122.457666, 47.1743975 ], [ -122.45768, 47.1739997 ], [ -122.457659399999983, 47.1739674 ], [ -122.4576222, 47.1739462 ] ] ] } },
{ "type": "Feature", "properties": { "name": "Kack Hyde Park" }, "geometry": { "type": "Polygon", "coordinates": [ [ [ -122.461282400000016, 47.2748097 ], [ -122.4628616, 47.2751386 ], [ -122.4628487, 47.27622 ], [ -122.4612926, 47.2757588 ], [ -122.461282400000016, 47.2748097 ] ] ] } },
{ "type": "Feature", "properties": { "name": null }, "geometry": { "type": "Polygon", "coordinates": [ [ [ -122.440930599999987, 47.228087 ], [ -122.4409322, 47.2284128 ], [ -122.4417508, 47.2284109 ], [ -122.44174910000001, 47.228085 ], [ -122.440930599999987, 47.228087 ] ] ] } },
{ "type": "Feature", "properties": { "name": "Lincoln Park/Eldridge Playfield" }, "geometry": { "type": "Polygon", "coordinates": [ [ [ -122.4432997, 47.2277644 ], [ -122.4436687, 47.2275249 ], [ -122.4436569, 47.2270012 ], [ -122.443652900000018, 47.2267589 ], [ -122.443521500000017, 47.226493899999987 ], [ -122.4434782, 47.2264709 ], [ -122.443416899999988, 47.2252334 ], [ -122.4432948, 47.225074 ], [ -122.4428871, 47.2250649 ], [ -122.4428898, 47.2247725 ], [ -122.4445535, 47.2247817 ], [ -122.444599, 47.224818099999986 ], [ -122.444597700000017, 47.2248363 ], [ -122.444617800000017, 47.2248559 ], [ -122.444597, 47.2280285 ], [ -122.444514600000019, 47.2280962 ], [ -122.4445193, 47.2281414 ], [ -122.444483, 47.2286204 ], [ -122.4444468, 47.2287561 ], [ -122.443808100000012, 47.2287186 ], [ -122.4433455, 47.2291163 ], [ -122.4432997, 47.2277644 ] ] ] } },
{ "type": "Feature", "properties": { "name": null }, "geometry": { "type": "Polygon", "coordinates": [ [ [ -122.442778100000012, 47.2298736 ], [ -122.4427278, 47.2298552 ], [ -122.4420279, 47.2300312 ], [ -122.442004600000018, 47.2300655 ], [ -122.4421388, 47.2303219 ], [ -122.4421909, 47.2303369 ], [ -122.4428863, 47.2301625 ], [ -122.4429146, 47.2301307 ], [ -122.442778100000012, 47.2298736 ] ] ] } },
{ "type": "Feature", "properties": { "name": "Parks Tacoma Headquarters" }, "geometry": { "type": "Polygon", "coordinates": [ [ [ -122.5002993, 47.2424285 ], [ -122.500350499999982, 47.2427118 ], [ -122.498638, 47.2427302 ], [ -122.498703699999979, 47.2401682 ], [ -122.4992071, 47.2401665 ], [ -122.4992143, 47.2390233 ], [ -122.5005632, 47.2390131 ], [ -122.5013478, 47.2404736 ], [ -122.501354600000013, 47.2417795 ], [ -122.5009039, 47.2418883 ], [ -122.5009184, 47.242138499999989 ], [ -122.50082860000002, 47.2423744 ], [ -122.5002993, 47.2424285 ] ] ] } },
{ "type": "Feature", "properties": { "name": null }, "geometry": { "type": "Polygon", "coordinates": [ [ [ -122.5238105, 47.251071 ], [ -122.523777800000019, 47.2509995 ], [ -122.523682199999982, 47.2507906 ], [ -122.5236735, 47.2507714 ], [ -122.5232825, 47.2508539 ], [ -122.5233999, 47.2511102 ], [ -122.523419600000011, 47.2511534 ], [ -122.5238105, 47.251071 ] ] ] } },
{ "type": "Feature", "properties": { "name": null }, "geometry": { "type": "Polygon", "coordinates": [ [ [ -122.4937918, 47.257392499999987 ], [ -122.4937918, 47.2577205 ], [ -122.4931905, 47.2577206 ], [ -122.4931905, 47.2573925 ], [ -122.4937918, 47.257392499999987 ] ] ] } },
{ "type": "Feature", "properties": { "name": null }, "geometry": { "type": "Polygon", "coordinates": [ [ [ -122.51635490000001, 47.3053711 ], [ -122.5163155, 47.3050506 ], [ -122.515772, 47.3050813 ], [ -122.51581130000001, 47.3054018 ], [ -122.51635490000001, 47.3053711 ] ] ] } },
{ "type": "Feature", "properties": { "name": null }, "geometry": { "type": "Polygon", "coordinates": [ [ [ -122.4253313, 47.2051005 ], [ -122.4253315, 47.2054292 ], [ -122.4261215, 47.205429 ], [ -122.42612130000002, 47.2051003 ], [ -122.4253313, 47.2051005 ] ] ] } },
{ "type": "Feature", "properties": { "name": null }, "geometry": { "type": "Polygon", "coordinates": [ [ [ -122.490567, 47.197986 ], [ -122.4905678, 47.1976568 ], [ -122.4897518, 47.1976558 ], [ -122.4897509, 47.197985 ], [ -122.490567, 47.197986 ] ] ] } }
]
}
